{"type":"FeatureCollection","features":[{"type":"Feature","id":"AK6210022426","geometry":{"type":"Point","coordinates":[-147.6106,64.823]},"properties":{"id":"AK6210022426","npl":"cleaning"}},{"type":"Feature","id":"AKD004904215","geometry":{"type":"Point","coordinates":[-147.7038,64.8203]},"properties":{"id":"AKD004904215","npl":"verified"}},{"type":"Feature","id":"AKD980988158","geometry":{"type":"Point","coordinates":[-147.5643,64.8122]},"properties":{"id":"AKD980988158","npl":"verified"}},{"type":"Feature","id":"AK1570028646","geometry":{"type":"Point","coordinates":[-147.0492,64.67145]},"properties":{"id":"AK1570028646","npl":"cleaning"}},{"type":"Feature","id":"AK6214522157","geometry":{"type":"Point","coordinates":[-149.7,61.258333]},"properties":{"id":"AK6214522157","npl":"cleaning"}},{"type":"Feature","id":"AK8570028649","geometry":{"type":"Point","coordinates":[-149.7917,61.254169]},"properties":{"id":"AK8570028649","npl":"listed"}},{"type":"Feature","id":"AKD980978787","geometry":{"type":"Point","coordinates":[-149.8324,61.2279]},"properties":{"id":"AKD980978787","npl":"verified"}},{"type":"Feature","id":"AK0001897602","geometry":{"type":"Point","coordinates":[-132.558853,55.626442]},"properties":{"id":"AK0001897602","npl":"listed"}},{"type":"Feature","id":"AK4170024323","geometry":{"type":"Point","coordinates":[-176.6525,51.8775]},"properties":{"id":"AK4170024323","npl":"listed"}},{"type":"Feature","id":"WAD027315621","geometry":{"type":"Point","coordinates":[-122.3431,48.9197]},"properties":{"id":"WAD027315621","npl":"verified"}},{"type":"Feature","id":"WAD980833974","geometry":{"type":"Point","coordinates":[-122.3534,48.8905]},"properties":{"id":"WAD980833974","npl":"verified"}},{"type":"Feature","id":"WAD008957243","geometry":{"type":"Point","coordinates":[-122.514444,48.770278]},"properties":{"id":"WAD008957243","npl":"cleaning"}},{"type":"Feature","id":"WAD980722789","geometry":{"type":"Point","coordinates":[-119.557,48.745]},"properties":{"id":"WAD980722789","npl":"verified"}},{"type":"Feature","id":"WASFN1002171","geometry":{"type":"Point","coordinates":[-118.053241,48.672045]},"properties":{"id":"WASFN1002171","npl":"proposed"}},{"type":"Feature","id":"MT0009083840","geometry":{"type":"Point","coordinates":[-115.551111,48.391528]},"properties":{"id":"MT0009083840","npl":"listed"}},{"type":"Feature","id":"WAN001002857","geometry":{"type":"Point","coordinates":[-124.656711,48.388353]},"properties":{"id":"WAN001002857","npl":"listed"}},{"type":"Feature","id":"MTD057561763","geometry":{"type":"Point","coordinates":[-114.130297,48.387875]},"properties":{"id":"MTD057561763","npl":"listed"}},{"type":"Feature","id":"MTD980502736","geometry":{"type":"Point","coordinates":[-115.5389,48.38]},"properties":{"id":"MTD980502736","npl":"cleaning"}},{"type":"Feature","id":"WA5170090059","geometry":{"type":"Point","coordinates":[-122.6637,48.344219]},"properties":{"id":"WA5170090059","npl":"cleaning"}},{"type":"Feature","id":"WA6170090058","geometry":{"type":"Point","coordinates":[-122.6133,48.29945]},"properties":{"id":"WA6170090058","npl":"verified"}},{"type":"Feature","id":"NDD980959548","geometry":{"type":"Point","coordinates":[-101.3292,48.218331]},"properties":{"id":"NDD980959548","npl":"verified"}},{"type":"Feature","id":"WA4170090001","geometry":{"type":"Point","coordinates":[-122.729583,48.083471]},"properties":{"id":"WA4170090001","npl":"verified"}},{"type":"Feature","id":"WAD980639256","geometry":{"type":"Point","coordinates":[-122.182222,48.041667]},"properties":{"id":"WAD980639256","npl":"verified"}},{"type":"Feature","id":"WAD980978753","geometry":{"type":"Point","coordinates":[-118.094167,47.9375]},"properties":{"id":"WAD980978753","npl":"listed"}},{"type":"Feature","id":"WAD980514541","geometry":{"type":"Point","coordinates":[-117.3483,47.861669]},"properties":{"id":"WAD980514541","npl":"cleaning"}},{"type":"Feature","id":"IDD000800961","geometry":{"type":"Point","coordinates":[-116.9458,47.7847]},"properties":{"id":"IDD000800961","npl":"verified"}},{"type":"Feature","id":"WA7170027265","geometry":{"type":"Point","coordinates":[-122.7008,47.764719]},"properties":{"id":"WA7170027265","npl":"cleaning"}},{"type":"Feature","id":"WAD000065508","geometry":{"type":"Point","coordinates":[-117.3767,47.755]},"properties":{"id":"WAD000065508","npl":"listed"}},{"type":"Feature","id":"WAD000641548","geometry":{"type":"Point","coordinates":[-117.3626,47.7297]},"properties":{"id":"WAD000641548","npl":"cleaning"}},{"type":"Feature","id":"WAD980511778","geometry":{"type":"Point","coordinates":[-117.4828,47.7275]},"properties":{"id":"WAD980511778","npl":"verified"}},{"type":"Feature","id":"WA5170027291","geometry":{"type":"Point","coordinates":[-122.7131,47.699]},"properties":{"id":"WA5170027291","npl":"cleaning"}},{"type":"Feature","id":"WA1170023419","geometry":{"type":"Point","coordinates":[-122.622,47.6946]},"properties":{"id":"WA1170023419","npl":"cleaning"}},{"type":"Feature","id":"WAD980982557","geometry":{"type":"Point","coordinates":[-117.1983,47.689719]},"properties":{"id":"WAD980982557","npl":"verified"}},{"type":"Feature","id":"WAD981767296","geometry":{"type":"Point","coordinates":[-117.37082,47.689444]},"properties":{"id":"WAD981767296","npl":"verified"}},{"type":"Feature","id":"WAD001865450","geometry":{"type":"Point","coordinates":[-117.3441,47.6729]},"properties":{"id":"WAD001865450","npl":"cleaning"}},{"type":"Feature","id":"WAD980514608","geometry":{"type":"Point","coordinates":[-117.1169,47.6627]},"properties":{"id":"WAD980514608","npl":"cleaning"}},{"type":"Feature","id":"WA9571924647","geometry":{"type":"Point","coordinates":[-117.6462,47.628331]},"properties":{"id":"WA9571924647","npl":"listed"}},{"type":"Feature","id":"WAD009248295","geometry":{"type":"Point","coordinates":[-122.5167,47.621669]},"properties":{"id":"WAD009248295","npl":"listed"}},{"type":"Feature","id":"WA3170090044","geometry":{"type":"Point","coordinates":[-122.695972,47.58861]},"properties":{"id":"WA3170090044","npl":"listed"}},{"type":"Feature","id":"WAN001002655","geometry":{"type":"Point","coordinates":[-122.3625,47.583889]},"properties":{"id":"WAN001002655","npl":"cleaning"}},{"type":"Feature","id":"WAD009248287","geometry":{"type":"Point","coordinates":[-122.366667,47.582332]},"properties":{"id":"WAD009248287","npl":"cleaning"}},{"type":"Feature","id":"WAD980722839","geometry":{"type":"Point","coordinates":[-122.3522,47.5794]},"properties":{"id":"WAD980722839","npl":"listed"}},{"type":"Feature","id":"WAD980511661","geometry":{"type":"Point","coordinates":[-117.2111,47.579169]},"properties":{"id":"WAD980511661","npl":"cleaning"}},{"type":"Feature","id":"WAN001002907","geometry":{"type":"Point","coordinates":[-122.642136,47.578544]},"properties":{"id":"WAN001002907","npl":"listed"}},{"type":"Feature","id":"WA8680030931","geometry":{"type":"Point","coordinates":[-122.548055,47.574443]},"properties":{"id":"WA8680030931","npl":"cleaning"}},{"type":"Feature","id":"WA2170023418","geometry":{"type":"Point","coordinates":[-122.647222,47.559166]},"properties":{"id":"WA2170023418","npl":"cleaning"}},{"type":"Feature","id":"IDD048340921","geometry":{"type":"Point","coordinates":[-116.1617,47.543061]},"properties":{"id":"IDD048340921","npl":"listed"}},{"type":"Feature","id":"WAD980639215","geometry":{"type":"Point","coordinates":[-122.2,47.533333]},"properties":{"id":"WAD980639215","npl":"listed"}},{"type":"Feature","id":"MTD093291599","geometry":{"type":"Point","coordinates":[-111.246467,47.528603]},"properties":{"id":"MTD093291599","npl":"listed"}},{"type":"Feature","id":"WAN001003081","geometry":{"type":"Point","coordinates":[-117.194297,47.519528]},"properties":{"id":"WAN001003081","npl":"listed"}},{"type":"Feature","id":"WA0002329803","geometry":{"type":"Point","coordinates":[-122.29285,47.510081]},"properties":{"id":"WA0002329803","npl":"listed"}},{"type":"Feature","id":"MND980904049","geometry":{"type":"Point","coordinates":[-94.892719,47.506531]},"properties":{"id":"MND980904049","npl":"verified"}},{"type":"Feature","id":"WAD009249210","geometry":{"type":"Point","coordinates":[-122.1964,47.488889]},"properties":{"id":"WAD009249210","npl":"cleaning"}},{"type":"Feature","id":"WAD980511745","geometry":{"type":"Point","coordinates":[-122.0417,47.45]},"properties":{"id":"WAD980511745","npl":"cleaning"}},{"type":"Feature","id":"WAD009487513","geometry":{"type":"Point","coordinates":[-122.2417,47.425]},"properties":{"id":"WAD009487513","npl":"cleaning"}},{"type":"Feature","id":"WAD980639462","geometry":{"type":"Point","coordinates":[-122.2792,47.391669]},"properties":{"id":"WAD980639462","npl":"cleaning"}},{"type":"Feature","id":"WAD980638910","geometry":{"type":"Point","coordinates":[-122.2933,47.38]},"properties":{"id":"WAD980638910","npl":"cleaning"}},{"type":"Feature","id":"MND057597940","geometry":{"type":"Point","coordinates":[-94.60555,47.375561]},"properties":{"id":"MND057597940","npl":"listed"}},{"type":"Feature","id":"IDSFN1002095","geometry":{"type":"Point","coordinates":[-116.575,47.321389]},"properties":{"id":"IDSFN1002095","npl":"proposed"}},{"type":"Feature","id":"WAD980726368","geometry":{"type":"Point","coordinates":[-122.416667,47.266667]},"properties":{"id":"WAD980726368","npl":"listed"}},{"type":"Feature","id":"MT0012694970","geometry":{"type":"Point","coordinates":[-114.852778,47.240278]},"properties":{"id":"MT0012694970","npl":"listed"}},{"type":"Feature","id":"WAD980726301","geometry":{"type":"Point","coordinates":[-122.4714,47.229439]},"properties":{"id":"WAD980726301","npl":"cleaning"}},{"type":"Feature","id":"WAD988466355","geometry":{"type":"Point","coordinates":[-119.315556,47.204722]},"properties":{"id":"WAD988466355","npl":"listed"}},{"type":"Feature","id":"MID980901946","geometry":{"type":"Point","coordinates":[-88.397781,47.169719]},"properties":{"id":"MID980901946","npl":"cleaning"}},{"type":"Feature","id":"WAD050075662","geometry":{"type":"Point","coordinates":[-122.51295,47.14341]},"properties":{"id":"WAD050075662","npl":"cleaning"}},{"type":"Feature","id":"WA8570024200","geometry":{"type":"Point","coordinates":[-122.4889,47.141111]},"properties":{"id":"WA8570024200","npl":"verified"}},{"type":"Feature","id":"WAD980833065","geometry":{"type":"Point","coordinates":[-122.5267,47.125]},"properties":{"id":"WAD980833065","npl":"cleaning"}},{"type":"Feature","id":"WA9214053465","geometry":{"type":"Point","coordinates":[-122.63,47.119419]},"properties":{"id":"WA9214053465","npl":"verified"}},{"type":"Feature","id":"WA7210090067","geometry":{"type":"Point","coordinates":[-122.5365,47.1142]},"properties":{"id":"WA7210090067","npl":"cleaning"}},{"type":"Feature","id":"WAD980511539","geometry":{"type":"Point","coordinates":[-122.2878,47.095]},"properties":{"id":"WAD980511539","npl":"cleaning"}},{"type":"Feature","id":"MT6122307485","geometry":{"type":"Point","coordinates":[-110.630278,47.083333]},"properties":{"id":"MT6122307485","npl":"listed"}},{"type":"Feature","id":"WA0000026534","geometry":{"type":"Point","coordinates":[-122.904167,47.001667]},"properties":{"id":"WA0000026534","npl":"cleaning"}},{"type":"Feature","id":"MT0001096353","geometry":{"type":"Point","coordinates":[-110.725833,46.961389]},"properties":{"id":"MT0001096353","npl":"listed"}},{"type":"Feature","id":"MTN000802850","geometry":{"type":"Point","coordinates":[-114.199623,46.957781]},"properties":{"id":"MTN000802850","npl":"proposed"}},{"type":"Feature","id":"ME9570024522","geometry":{"type":"Point","coordinates":[-67.883888,46.944444]},"properties":{"id":"ME9570024522","npl":"cleaning"}},{"type":"Feature","id":"MTD980717565","geometry":{"type":"Point","coordinates":[-113.8667,46.866661]},"properties":{"id":"MTD980717565","npl":"listed"}},{"type":"Feature","id":"MND980823975","geometry":{"type":"Point","coordinates":[-92.2398,46.8377]},"properties":{"id":"MND980823975","npl":"verified"}},{"type":"Feature","id":"MED980732291","geometry":{"type":"Point","coordinates":[-68.1701,46.7782]},"properties":{"id":"MED980732291","npl":"verified"}},{"type":"Feature","id":"WA3890090076","geometry":{"type":"Point","coordinates":[-119.4829,46.7011]},"properties":{"id":"WA3890090076","npl":"listed"}},{"type":"Feature","id":"WAD980836662","geometry":{"type":"Point","coordinates":[-122.9633,46.696669]},"properties":{"id":"WAD980836662","npl":"cleaning"}},{"type":"Feature","id":"MND039045430","geometry":{"type":"Point","coordinates":[-92.212219,46.677781]},"properties":{"id":"MND039045430","npl":"listed"}},{"type":"Feature","id":"MND980904064","geometry":{"type":"Point","coordinates":[-95.0298,46.6608]},"properties":{"id":"MND980904064","npl":"cleaning"}},{"type":"Feature","id":"WAD057311094","geometry":{"type":"Point","coordinates":[-122.9689,46.656939]},"properties":{"id":"WAD057311094","npl":"verified"}},{"type":"Feature","id":"WASFN1002174","geometry":{"type":"Point","coordinates":[-122.933056,46.623472]},"properties":{"id":"WASFN1002174","npl":"listed"}},{"type":"Feature","id":"WISFN0507952","geometry":{"type":"Point","coordinates":[-90.883333,46.595972]},"properties":{"id":"WISFN0507952","npl":"cleaning"}},{"type":"Feature","id":"MND980609572","geometry":{"type":"Point","coordinates":[-95.571661,46.587781]},"properties":{"id":"MND980609572","npl":"cleaning"}},{"type":"Feature","id":"WAD120513957","geometry":{"type":"Point","coordinates":[-120.5556,46.5846]},"properties":{"id":"WAD120513957","npl":"verified"}},{"type":"Feature","id":"MTD006230346","geometry":{"type":"Point","coordinates":[-111.9183,46.581669]},"properties":{"id":"MTD006230346","npl":"listed"}},{"type":"Feature","id":"MID980608970","geometry":{"type":"Point","coordinates":[-87.42,46.574439]},"properties":{"id":"MID980608970","npl":"verified"}},{"type":"Feature","id":"WAD040187890","geometry":{"type":"Point","coordinates":[-120.5089,46.5723]},"properties":{"id":"WAD040187890","npl":"verified"}},{"type":"Feature","id":"WAD000643577","geometry":{"type":"Point","coordinates":[-120.4933,46.566669]},"properties":{"id":"WAD000643577","npl":"cleaning"}},{"type":"Feature","id":"WA1890090078","geometry":{"type":"Point","coordinates":[-119.6049,46.563331]},"properties":{"id":"WA1890090078","npl":"listed"}},{"type":"Feature","id":"MID980678627","geometry":{"type":"Point","coordinates":[-84.393061,46.488889]},"properties":{"id":"MID980678627","npl":"cleaning"}},{"type":"Feature","id":"MTSFN7578012","geometry":{"type":"Point","coordinates":[-112.245139,46.482083]},"properties":{"id":"MTSFN7578012","npl":"listed"}},{"type":"Feature","id":"MND980898068","geometry":{"type":"Point","coordinates":[-94.375831,46.453561]},"properties":{"id":"MND980898068","npl":"verified"}},{"type":"Feature","id":"WA2890090077","geometry":{"type":"Point","coordinates":[-119.2752,46.3703]},"properties":{"id":"WA2890090077","npl":"listed"}},{"type":"Feature","id":"MND000686196","geometry":{"type":"Point","coordinates":[-94.2282,46.3532]},"properties":{"id":"MND000686196","npl":"cleaning"}},{"type":"Feature","id":"WA4890090075","geometry":{"type":"Point","coordinates":[-119.2848,46.3231]},"properties":{"id":"WA4890090075","npl":"verified"}},{"type":"Feature","id":"MTD982572562","geometry":{"type":"Point","coordinates":[-112.263333,46.272778]},"properties":{"id":"MTD982572562","npl":"listed"}},{"type":"Feature","id":"WAD991281874","geometry":{"type":"Point","coordinates":[-119.0478,46.255281]},"properties":{"id":"WAD991281874","npl":"listed"}},{"type":"Feature","id":"OR0002392793","geometry":{"type":"Point","coordinates":[-123.861233,46.145309]},"properties":{"id":"OR0002392793","npl":"proposed"}},{"type":"Feature","id":"MTD093291656","geometry":{"type":"Point","coordinates":[-112.915,46.116661]},"properties":{"id":"MTD093291656","npl":"listed"}},{"type":"Feature","id":"NDD980716963","geometry":{"type":"Point","coordinates":[-97.158331,46.075]},"properties":{"id":"NDD980716963","npl":"verified"}},{"type":"Feature","id":"MTD980502777","geometry":{"type":"Point","coordinates":[-112.7948,46.039]},"properties":{"id":"MTD980502777","npl":"listed"}},{"type":"Feature","id":"MTD006230635","geometry":{"type":"Point","coordinates":[-112.5483,45.99]},"properties":{"id":"MTD006230635","npl":"cleaning"}},{"type":"Feature","id":"MND980904072","geometry":{"type":"Point","coordinates":[-94.856639,45.978531]},"properties":{"id":"MND980904072","npl":"cleaning"}},{"type":"Feature","id":"MND981090483","geometry":{"type":"Point","coordinates":[-95.496669,45.9]},"properties":{"id":"MND981090483","npl":"verified"}},{"type":"Feature","id":"OR6213820917","geometry":{"type":"Point","coordinates":[-119.45,45.836111]},"properties":{"id":"OR6213820917","npl":"listed"}},{"type":"Feature","id":"MT0007623052","geometry":{"type":"Point","coordinates":[-108.455,45.803611]},"properties":{"id":"MT0007623052","npl":"listed"}},{"type":"Feature","id":"WID006176945","geometry":{"type":"Point","coordinates":[-92.431204,45.784508]},"properties":{"id":"WID006176945","npl":"cleaning"}},{"type":"Feature","id":"MTD986073252","geometry":{"type":"Point","coordinates":[-108.522926,45.774118]},"properties":{"id":"MTD986073252","npl":"listed"}},{"type":"Feature","id":"WAD980723506","geometry":{"type":"Point","coordinates":[-122.4464,45.7549]},"properties":{"id":"WAD980723506","npl":"verified"}},{"type":"Feature","id":"MTD006232276","geometry":{"type":"Point","coordinates":[-111.0217,45.688331]},"properties":{"id":"MTD006232276","npl":"cleaning"}},{"type":"Feature","id":"WAD009624453","geometry":{"type":"Point","coordinates":[-122.621667,45.677222]},"properties":{"id":"WAD009624453","npl":"listed"}},{"type":"Feature","id":"WA1891406349","geometry":{"type":"Point","coordinates":[-122.6572,45.6616]},"properties":{"id":"WA1891406349","npl":"verified"}},{"type":"Feature","id":"WAD009045279","geometry":{"type":"Point","coordinates":[-122.7318,45.649439]},"properties":{"id":"WAD009045279","npl":"verified"}},{"type":"Feature","id":"ORSFN1002228","geometry":{"type":"Point","coordinates":[-121.935778,45.642344]},"properties":{"id":"ORSFN1002228","npl":"listed"}},{"type":"Feature","id":"WAD988519708","geometry":{"type":"Point","coordinates":[-122.645417,45.638471]},"properties":{"id":"WAD988519708","npl":"verified"}},{"type":"Feature","id":"MTD021997689","geometry":{"type":"Point","coordinates":[-109.2475,45.635]},"properties":{"id":"MTD021997689","npl":"cleaning"}},{"type":"Feature","id":"WA5210890096","geometry":{"type":"Point","coordinates":[-121.985,45.629583]},"properties":{"id":"WA5210890096","npl":"verified"}},{"type":"Feature","id":"ORD052221025","geometry":{"type":"Point","coordinates":[-121.2056,45.624439]},"properties":{"id":"ORD052221025","npl":"verified"}},{"type":"Feature","id":"WAD053614988","geometry":{"type":"Point","coordinates":[-122.644,45.6215]},"properties":{"id":"WAD053614988","npl":"verified"}},{"type":"Feature","id":"WAD988475158","geometry":{"type":"Point","coordinates":[-122.622472,45.6195]},"properties":{"id":"WAD988475158","npl":"verified"}},{"type":"Feature","id":"ORSFN1002155","geometry":{"type":"Point","coordinates":[-122.793056,45.615278]},"properties":{"id":"ORSFN1002155","npl":"listed"}},{"type":"Feature","id":"MND980792287","geometry":{"type":"Point","coordinates":[-95.8845,45.6066]},"properties":{"id":"MND980792287","npl":"verified"}},{"type":"Feature","id":"ORD071803985","geometry":{"type":"Point","coordinates":[-122.691389,45.606389]},"properties":{"id":"ORD071803985","npl":"verified"}},{"type":"Feature","id":"ORD009049412","geometry":{"type":"Point","coordinates":[-121.1651,45.5986]},"properties":{"id":"ORD009049412","npl":"cleaning"}},{"type":"Feature","id":"ORD009051442","geometry":{"type":"Point","coordinates":[-122.6617,45.583331]},"properties":{"id":"ORD009051442","npl":"verified"}},{"type":"Feature","id":"ORD009020603","geometry":{"type":"Point","coordinates":[-122.73944,45.579443]},"properties":{"id":"ORD009020603","npl":"cleaning"}},{"type":"Feature","id":"ORD095003687","geometry":{"type":"Point","coordinates":[-122.7483,45.5692]},"properties":{"id":"ORD095003687","npl":"verified"}},{"type":"Feature","id":"MND981002249","geometry":{"type":"Point","coordinates":[-94.215,45.561669]},"properties":{"id":"MND981002249","npl":"cleaning"}},{"type":"Feature","id":"ORD009412677","geometry":{"type":"Point","coordinates":[-122.399161,45.5569]},"properties":{"id":"ORD009412677","npl":"cleaning"}},{"type":"Feature","id":"MND981002256","geometry":{"type":"Point","coordinates":[-94.135,45.481669]},"properties":{"id":"MND981002256","npl":"verified"}},{"type":"Feature","id":"ORD980988307","geometry":{"type":"Point","coordinates":[-122.563889,45.416333]},"properties":{"id":"ORD980988307","npl":"cleaning"}},{"type":"Feature","id":"MID006013049","geometry":{"type":"Point","coordinates":[-84.964,45.376]},"properties":{"id":"MID006013049","npl":"cleaning"}},{"type":"Feature","id":"MND981088180","geometry":{"type":"Point","coordinates":[-93.2246,45.3653]},"properties":{"id":"MND981088180","npl":"verified"}},{"type":"Feature","id":"ORD068782820","geometry":{"type":"Point","coordinates":[-117.2472,45.359439]},"properties":{"id":"ORD068782820","npl":"verified"}},{"type":"Feature","id":"MID980794390","geometry":{"type":"Point","coordinates":[-85.266669,45.317781]},"properties":{"id":"MID980794390","npl":"verified"}},{"type":"Feature","id":"MND980904056","geometry":{"type":"Point","coordinates":[-93.3317,45.317]},"properties":{"id":"MND980904056","npl":"verified"}},{"type":"Feature","id":"MND980609119","geometry":{"type":"Point","coordinates":[-93.3122,45.228]},"properties":{"id":"MND980609119","npl":"verified"}},{"type":"Feature","id":"MND980609614","geometry":{"type":"Point","coordinates":[-93.318,45.2179]},"properties":{"id":"MND980609614","npl":"cleaning"}},{"type":"Feature","id":"WID046536785","geometry":{"type":"Point","coordinates":[-90.3529,45.1456]},"properties":{"id":"WID046536785","npl":"verified"}},{"type":"Feature","id":"IDD980725832","geometry":{"type":"Point","coordinates":[-114.26444,45.116389]},"properties":{"id":"IDD980725832","npl":"proposed"}},{"type":"Feature","id":"ORD009042532","geometry":{"type":"Point","coordinates":[-123.426944,45.097222]},"properties":{"id":"ORD009042532","npl":"cleaning"}},{"type":"Feature","id":"MND053417515","geometry":{"type":"Point","coordinates":[-93.233331,45.095831]},"properties":{"id":"MND053417515","npl":"verified"}},{"type":"Feature","id":"MND985701309","geometry":{"type":"Point","coordinates":[-93.255556,45.080556]},"properties":{"id":"MND985701309","npl":"verified"}},{"type":"Feature","id":"MN7213820908","geometry":{"type":"Point","coordinates":[-93.1975,45.079169]},"properties":{"id":"MN7213820908","npl":"listed"}},{"type":"Feature","id":"MND059680165","geometry":{"type":"Point","coordinates":[-93.268361,45.064411]},"properties":{"id":"MND059680165","npl":"cleaning"}},{"type":"Feature","id":"MN3170022914","geometry":{"type":"Point","coordinates":[-93.273669,45.058831]},"properties":{"id":"MN3170022914","npl":"cleaning"}},{"type":"Feature","id":"MND006481543","geometry":{"type":"Point","coordinates":[-93.2762,45.0565]},"properties":{"id":"MND006481543","npl":"cleaning"}},{"type":"Feature","id":"MND006192694","geometry":{"type":"Point","coordinates":[-93.194731,45.055]},"properties":{"id":"MND006192694","npl":"cleaning"}},{"type":"Feature","id":"MND044799856","geometry":{"type":"Point","coordinates":[-93.333339,45.045]},"properties":{"id":"MND044799856","npl":"cleaning"}},{"type":"Feature","id":"MED981073711","geometry":{"type":"Point","coordinates":[-67.358333,45.038889]},"properties":{"id":"MED981073711","npl":"cleaning"}},{"type":"Feature","id":"MND006252233","geometry":{"type":"Point","coordinates":[-93.270839,45.026389]},"properties":{"id":"MND006252233","npl":"verified"}},{"type":"Feature","id":"MND980704738","geometry":{"type":"Point","coordinates":[-92.918139,45.008639]},"properties":{"id":"MND980704738","npl":"verified"}},{"type":"Feature","id":"MND980609515","geometry":{"type":"Point","coordinates":[-92.966669,45]},"properties":{"id":"MND980609515","npl":"cleaning"}},{"type":"Feature","id":"MND982425209","geometry":{"type":"Point","coordinates":[-92.833333,45]},"properties":{"id":"MND982425209","npl":"listed"}},{"type":"Feature","id":"MND022949192","geometry":{"type":"Point","coordinates":[-93.280561,44.995561]},"properties":{"id":"MND022949192","npl":"verified"}},{"type":"Feature","id":"MNN000506043","geometry":{"type":"Point","coordinates":[-93.217756,44.995053]},"properties":{"id":"MNN000506043","npl":"listed"}},{"type":"Feature","id":"MND051441731","geometry":{"type":"Point","coordinates":[-93.222781,44.99]},"properties":{"id":"MND051441731","npl":"cleaning"}},{"type":"Feature","id":"NYD091972554","geometry":{"type":"Point","coordinates":[-74.732781,44.983889]},"properties":{"id":"NYD091972554","npl":"listed"}},{"type":"Feature","id":"WID980993521","geometry":{"type":"Point","coordinates":[-89.6292,44.9773]},"properties":{"id":"WID980993521","npl":"cleaning"}},{"type":"Feature","id":"MND000819359","geometry":{"type":"Point","coordinates":[-93.152781,44.972219]},"properties":{"id":"MND000819359","npl":"cleaning"}},{"type":"Feature","id":"MNN000509136","geometry":{"type":"Point","coordinates":[-93.2427,44.9528]},"properties":{"id":"MNN000509136","npl":"cleaning"}},{"type":"Feature","id":"MND980609804","geometry":{"type":"Point","coordinates":[-93.372219,44.941669]},"properties":{"id":"MND980609804","npl":"cleaning"}},{"type":"Feature","id":"MND097891634","geometry":{"type":"Point","coordinates":[-93.363611,44.936111]},"properties":{"id":"MND097891634","npl":"verified"}},{"type":"Feature","id":"MNN000502963","geometry":{"type":"Point","coordinates":[-93.633306,44.935944]},"properties":{"id":"MNN000502963","npl":"listed"}},{"type":"Feature","id":"MNN000506121","geometry":{"type":"Point","coordinates":[-93.361655,44.935257]},"properties":{"id":"MNN000506121","npl":"listed"}},{"type":"Feature","id":"MED980915474","geometry":{"type":"Point","coordinates":[-69.261111,44.921667]},"properties":{"id":"MED980915474","npl":"cleaning"}},{"type":"Feature","id":"MID980794440","geometry":{"type":"Point","coordinates":[-83.442219,44.903331]},"properties":{"id":"MID980794440","npl":"verified"}},{"type":"Feature","id":"IDD980665459","geometry":{"type":"Point","coordinates":[-115.345278,44.8925]},"properties":{"id":"IDD980665459","npl":"proposed"}},{"type":"Feature","id":"MID980794655","geometry":{"type":"Point","coordinates":[-85.073,44.8866]},"properties":{"id":"MID980794655","npl":"cleaning"}},{"type":"Feature","id":"MN8570024275","geometry":{"type":"Point","coordinates":[-93.204719,44.863061]},"properties":{"id":"MN8570024275","npl":"verified"}},{"type":"Feature","id":"WID006196174","geometry":{"type":"Point","coordinates":[-91.452,44.8601]},"properties":{"id":"WID006196174","npl":"cleaning"}},{"type":"Feature","id":"WID980820054","geometry":{"type":"Point","coordinates":[-91.503331,44.853331]},"properties":{"id":"WID980820054","npl":"verified"}},{"type":"Feature","id":"WIN000505544","geometry":{"type":"Point","coordinates":[-90.31548,44.85169]},"properties":{"id":"WIN000505544","npl":"listed"}},{"type":"Feature","id":"WID980823082","geometry":{"type":"Point","coordinates":[-90.04,44.848331]},"properties":{"id":"WID980823082","npl":"cleaning"}},{"type":"Feature","id":"NYD000511733","geometry":{"type":"Point","coordinates":[-74.5751,44.8225]},"properties":{"id":"NYD000511733","npl":"cleaning"}},{"type":"Feature","id":"MND038384004","geometry":{"type":"Point","coordinates":[-93.293331,44.795]},"properties":{"id":"MND038384004","npl":"listed"}},{"type":"Feature","id":"MID017418559","geometry":{"type":"Point","coordinates":[-85.6382,44.7944]},"properties":{"id":"MID017418559","npl":"cleaning"}},{"type":"Feature","id":"MND000245795","geometry":{"type":"Point","coordinates":[-93.05055,44.784719]},"properties":{"id":"MND000245795","npl":"verified"}},{"type":"Feature","id":"MND000686071","geometry":{"type":"Point","coordinates":[-93.0406,44.7684]},"properties":{"id":"MND000686071","npl":"verified"}},{"type":"Feature","id":"WID990829475","geometry":{"type":"Point","coordinates":[-91.458339,44.756669]},"properties":{"id":"WID990829475","npl":"verified"}},{"type":"Feature","id":"MID980791461","geometry":{"type":"Point","coordinates":[-85.5775,44.750719]},"properties":{"id":"MID980791461","npl":"verified"}},{"type":"Feature","id":"MED985466168","geometry":{"type":"Point","coordinates":[-69.182222,44.740278]},"properties":{"id":"MED985466168","npl":"cleaning"}},{"type":"Feature","id":"MID980992952","geometry":{"type":"Point","coordinates":[-85.8575,44.73]},"properties":{"id":"MID980992952","npl":"verified"}},{"type":"Feature","id":"MND980613780","geometry":{"type":"Point","coordinates":[-93.072811,44.719439]},"properties":{"id":"MND980613780","npl":"verified"}},{"type":"Feature","id":"NYD980535181","geometry":{"type":"Point","coordinates":[-75.361531,44.703611]},"properties":{"id":"NYD980535181","npl":"cleaning"}},{"type":"Feature","id":"WID980902969","geometry":{"type":"Point","coordinates":[-90.265611,44.689689]},"properties":{"id":"WID980902969","npl":"cleaning"}},{"type":"Feature","id":"ORD050955848","geometry":{"type":"Point","coordinates":[-123.0633,44.66]},"properties":{"id":"ORD050955848","npl":"cleaning"}},{"type":"Feature","id":"NY4571924774","geometry":{"type":"Point","coordinates":[-73.464719,44.6575]},"properties":{"id":"NY4571924774","npl":"listed"}},{"type":"Feature","id":"WID980610380","geometry":{"type":"Point","coordinates":[-87.4912,44.597]},"properties":{"id":"WID980610380","npl":"cleaning"}},{"type":"Feature","id":"MND981191570","geometry":{"type":"Point","coordinates":[-92.9277,44.5718]},"properties":{"id":"MND981191570","npl":"verified"}},{"type":"Feature","id":"VTD980520118","geometry":{"type":"Point","coordinates":[-71.9844,44.5545]},"properties":{"id":"VTD980520118","npl":"verified"}},{"type":"Feature","id":"WI0001954841","geometry":{"type":"Point","coordinates":[-88.0015,44.5331]},"properties":{"id":"WI0001954841","npl":"proposed"}},{"type":"Feature","id":"VTD981062441","geometry":{"type":"Point","coordinates":[-71.989439,44.518611]},"properties":{"id":"VTD981062441","npl":"cleaning"}},{"type":"Feature","id":"ORD009043001","geometry":{"type":"Point","coordinates":[-123.2861,44.5042]},"properties":{"id":"ORD009043001","npl":"cleaning"}},{"type":"Feature","id":"NHN000103313","geometry":{"type":"Point","coordinates":[-71.167194,44.479194]},"properties":{"id":"NHN000103313","npl":"listed"}},{"type":"Feature","id":"VTD980523062","geometry":{"type":"Point","coordinates":[-73.218061,44.466669]},"properties":{"id":"VTD980523062","npl":"cleaning"}},{"type":"Feature","id":"VTD098352545","geometry":{"type":"Point","coordinates":[-73.121389,44.452583]},"properties":{"id":"VTD098352545","npl":"listed"}},{"type":"Feature","id":"MI5570024278","geometry":{"type":"Point","coordinates":[-83.366666,44.45]},"properties":{"id":"MI5570024278","npl":"proposed"}},{"type":"Feature","id":"WIT560010118","geometry":{"type":"Point","coordinates":[-88.0755,44.438061]},"properties":{"id":"WIT560010118","npl":"cleaning"}},{"type":"Feature","id":"MID980794408","geometry":{"type":"Point","coordinates":[-83.3469,44.4113]},"properties":{"id":"MID980794408","npl":"cleaning"}},{"type":"Feature","id":"SDD980717136","geometry":{"type":"Point","coordinates":[-103.7615,44.3553]},"properties":{"id":"SDD980717136","npl":"verified"}},{"type":"Feature","id":"MED980524128","geometry":{"type":"Point","coordinates":[-68.810139,44.351639]},"properties":{"id":"MED980524128","npl":"listed"}},{"type":"Feature","id":"SDD987673985","geometry":{"type":"Point","coordinates":[-103.674306,44.328056]},"properties":{"id":"SDD987673985","npl":"listed"}},{"type":"Feature","id":"MED980731475","geometry":{"type":"Point","coordinates":[-69.736944,44.301916]},"properties":{"id":"MED980731475","npl":"verified"}},{"type":"Feature","id":"MND006154017","geometry":{"type":"Point","coordinates":[-93.286389,44.289169]},"properties":{"id":"MND006154017","npl":"verified"}},{"type":"Feature","id":"MED980504435","geometry":{"type":"Point","coordinates":[-69.988331,44.275831]},"properties":{"id":"MED980504435","npl":"cleaning"}},{"type":"Feature","id":"MID020883609","geometry":{"type":"Point","coordinates":[-85.41,44.265]},"properties":{"id":"MID020883609","npl":"cleaning"}},{"type":"Feature","id":"MID043681840","geometry":{"type":"Point","coordinates":[-85.4226,44.2568]},"properties":{"id":"MID043681840","npl":"cleaning"}},{"type":"Feature","id":"WID083290981","geometry":{"type":"Point","coordinates":[-88.43,44.25555]},"properties":{"id":"WID083290981","npl":"cleaning"}},{"type":"Feature","id":"MEN000103584","geometry":{"type":"Point","coordinates":[-70.08025,44.237083]},"properties":{"id":"MEN000103584","npl":"listed"}},{"type":"Feature","id":"MID980794747","geometry":{"type":"Point","coordinates":[-86.273331,44.226389]},"properties":{"id":"MID980794747","npl":"cleaning"}},{"type":"Feature","id":"MED042143883","geometry":{"type":"Point","coordinates":[-69.189027,44.21444]},"properties":{"id":"MED042143883","npl":"verified"}},{"type":"Feature","id":"WID980820096","geometry":{"type":"Point","coordinates":[-88.396669,44.21]},"properties":{"id":"WID980820096","npl":"cleaning"}},{"type":"Feature","id":"WID980901243","geometry":{"type":"Point","coordinates":[-87.841669,44.173331]},"properties":{"id":"WID980901243","npl":"cleaning"}},{"type":"Feature","id":"WID056247208","geometry":{"type":"Point","coordinates":[-87.8448,44.1655]},"properties":{"id":"WID056247208","npl":"cleaning"}},{"type":"Feature","id":"MND980792469","geometry":{"type":"Point","coordinates":[-94.038331,44.153331]},"properties":{"id":"MND980792469","npl":"cleaning"}},{"type":"Feature","id":"SD2571924644","geometry":{"type":"Point","coordinates":[-103.0958,44.148061]},"properties":{"id":"SD2571924644","npl":"cleaning"}},{"type":"Feature","id":"MND000874354","geometry":{"type":"Point","coordinates":[-92.500639,44.130861]},"properties":{"id":"MND000874354","npl":"verified"}},{"type":"Feature","id":"ORD009032400","geometry":{"type":"Point","coordinates":[-123.152794,44.062052]},"properties":{"id":"ORD009032400","npl":"proposed"}},{"type":"Feature","id":"VTD988366720","geometry":{"type":"Point","coordinates":[-72.306917,44.057333]},"properties":{"id":"VTD988366720","npl":"listed"}},{"type":"Feature","id":"NYD986965333","geometry":{"type":"Point","coordinates":[-75.651861,44.022944]},"properties":{"id":"NYD986965333","npl":"cleaning"}},{"type":"Feature","id":"WID980610307","geometry":{"type":"Point","coordinates":[-90.522,43.9944]},"properties":{"id":"WID980610307","npl":"cleaning"}},{"type":"Feature","id":"WID980610299","geometry":{"type":"Point","coordinates":[-90.5004,43.9927]},"properties":{"id":"WID980610299","npl":"verified"}},{"type":"Feature","id":"NYN000206296","geometry":{"type":"Point","coordinates":[-75.627753,43.984269]},"properties":{"id":"NYN000206296","npl":"listed"}},{"type":"Feature","id":"NHD062002001","geometry":{"type":"Point","coordinates":[-71.1293,43.9721]},"properties":{"id":"NHD062002001","npl":"cleaning"}},{"type":"Feature","id":"WID980616841","geometry":{"type":"Point","coordinates":[-90.519839,43.970811]},"properties":{"id":"WID980616841","npl":"verified"}},{"type":"Feature","id":"WID980821656","geometry":{"type":"Point","coordinates":[-91.3382,43.9573]},"properties":{"id":"WID980821656","npl":"cleaning"}},{"type":"Feature","id":"WID006183826","geometry":{"type":"Point","coordinates":[-90.81445,43.934439]},"properties":{"id":"WID006183826","npl":"verified"}},{"type":"Feature","id":"VTD988366571","geometry":{"type":"Point","coordinates":[-72.285506,43.927447]},"properties":{"id":"VTD988366571","npl":"listed"}},{"type":"Feature","id":"MID980794465","geometry":{"type":"Point","coordinates":[-86.4292,43.9185]},"properties":{"id":"MID980794465","npl":"verified"}},{"type":"Feature","id":"ME8170022018","geometry":{"type":"Point","coordinates":[-69.933986,43.90634]},"properties":{"id":"ME8170022018","npl":"cleaning"}},{"type":"Feature","id":"MED980524078","geometry":{"type":"Point","coordinates":[-70.2942,43.8841]},"properties":{"id":"MED980524078","npl":"verified"}},{"type":"Feature","id":"MND980034516","geometry":{"type":"Point","coordinates":[-95.100939,43.86875]},"properties":{"id":"MND980034516","npl":"verified"}},{"type":"Feature","id":"WID980610190","geometry":{"type":"Point","coordinates":[-88.870556,43.866806]},"properties":{"id":"WID980610190","npl":"cleaning"}},{"type":"Feature","id":"MID980701247","geometry":{"type":"Point","coordinates":[-85.853,43.8532]},"properties":{"id":"MID980701247","npl":"cleaning"}},{"type":"Feature","id":"VTD988366621","geometry":{"type":"Point","coordinates":[-72.328889,43.823889]},"properties":{"id":"VTD988366621","npl":"cleaning"}},{"type":"Feature","id":"MID980002273","geometry":{"type":"Point","coordinates":[-84.7625,43.815]},"properties":{"id":"MID980002273","npl":"cleaning"}},{"type":"Feature","id":"WID980996367","geometry":{"type":"Point","coordinates":[-87.70075,43.749444]},"properties":{"id":"WID980996367","npl":"cleaning"}},{"type":"Feature","id":"WID006073225","geometry":{"type":"Point","coordinates":[-87.763889,43.7375]},"properties":{"id":"WID006073225","npl":"cleaning"}},{"type":"Feature","id":"MEN000106078","geometry":{"type":"Point","coordinates":[-70.424514,43.734953]},"properties":{"id":"MEN000106078","npl":"listed"}},{"type":"Feature","id":"MND980904023","geometry":{"type":"Point","coordinates":[-95.934,43.638219]},"properties":{"id":"MND980904023","npl":"verified"}},{"type":"Feature","id":"OR0000515759","geometry":{"type":"Point","coordinates":[-123.066808,43.579516]},"properties":{"id":"OR0000515759","npl":"listed"}},{"type":"Feature","id":"MID981092935","geometry":{"type":"Point","coordinates":[-83.907222,43.572083]},"properties":{"id":"MID981092935","npl":"proposed"}},{"type":"Feature","id":"MED980520241","geometry":{"type":"Point","coordinates":[-70.426389,43.56055]},"properties":{"id":"MED980520241","npl":"verified"}},{"type":"Feature","id":"SDD823559","geometry":{"type":"Point","coordinates":[-96.7956,43.5453]},"properties":{"id":"SDD823559","npl":"verified"}},{"type":"Feature","id":"MED980504393","geometry":{"type":"Point","coordinates":[-70.4815,43.5302]},"properties":{"id":"MED980504393","npl":"cleaning"}},{"type":"Feature","id":"ID4890008952","geometry":{"type":"Point","coordinates":[-112.9435,43.529389]},"properties":{"id":"ID4890008952","npl":"listed"}},{"type":"Feature","id":"WID980610141","geometry":{"type":"Point","coordinates":[-89.8775,43.5145]},"properties":{"id":"WID980610141","npl":"cleaning"}},{"type":"Feature","id":"NYD000511659","geometry":{"type":"Point","coordinates":[-76.483331,43.47]},"properties":{"id":"NYD000511659","npl":"cleaning"}},{"type":"Feature","id":"WID052906088","geometry":{"type":"Point","coordinates":[-88.554139,43.459531]},"properties":{"id":"WID052906088","npl":"cleaning"}},{"type":"Feature","id":"MID980794531","geometry":{"type":"Point","coordinates":[-84.623469,43.416419]},"properties":{"id":"MID980794531","npl":"verified"}},{"type":"Feature","id":"MIN000510389","geometry":{"type":"Point","coordinates":[-84.623247,43.415842]},"properties":{"id":"MIN000510389","npl":"listed"}},{"type":"Feature","id":"MID980701254","geometry":{"type":"Point","coordinates":[-86.328889,43.412219]},"properties":{"id":"MID980701254","npl":"verified"}},{"type":"Feature","id":"MID000722439","geometry":{"type":"Point","coordinates":[-84.618611,43.410561]},"properties":{"id":"MID000722439","npl":"cleaning"}},{"type":"Feature","id":"MID980506281","geometry":{"type":"Point","coordinates":[-84.595281,43.395]},"properties":{"id":"MID980506281","npl":"cleaning"}},{"type":"Feature","id":"MID072569510","geometry":{"type":"Point","coordinates":[-86.334,43.3891]},"properties":{"id":"MID072569510","npl":"cleaning"}},{"type":"Feature","id":"NHN000105928","geometry":{"type":"Point","coordinates":[-71.05875,43.372]},"properties":{"id":"NHN000105928","npl":"listed"}},{"type":"Feature","id":"NYD980509376","geometry":{"type":"Point","coordinates":[-76.379169,43.36055]},"properties":{"id":"NYD980509376","npl":"cleaning"}},{"type":"Feature","id":"NYD980593099","geometry":{"type":"Point","coordinates":[-76.4274,43.3569]},"properties":{"id":"NYD980593099","npl":"verified"}},{"type":"Feature","id":"MID980504716","geometry":{"type":"Point","coordinates":[-86.208339,43.319439]},"properties":{"id":"MID980504716","npl":"verified"}},{"type":"Feature","id":"MID060174240","geometry":{"type":"Point","coordinates":[-86.256669,43.303331]},"properties":{"id":"MID060174240","npl":"cleaning"}},{"type":"Feature","id":"WIN000510210","geometry":{"type":"Point","coordinates":[-87.982056,43.288444]},"properties":{"id":"WIN000510210","npl":"listed"}},{"type":"Feature","id":"NYD980528335","geometry":{"type":"Point","coordinates":[-73.629169,43.28305]},"properties":{"id":"NYD980528335","npl":"cleaning"}},{"type":"Feature","id":"VTD000860239","geometry":{"type":"Point","coordinates":[-72.466669,43.272781]},"properties":{"id":"VTD000860239","npl":"cleaning"}},{"type":"Feature","id":"NHD980520225","geometry":{"type":"Point","coordinates":[-70.8845,43.2489]},"properties":{"id":"NHD980520225","npl":"cleaning"}},{"type":"Feature","id":"NYD000511576","geometry":{"type":"Point","coordinates":[-76.412781,43.247219]},"properties":{"id":"NYD000511576","npl":"verified"}},{"type":"Feature","id":"NY4571924451","geometry":{"type":"Point","coordinates":[-75.416661,43.233331]},"properties":{"id":"NY4571924451","npl":"listed"}},{"type":"Feature","id":"VTD980520092","geometry":{"type":"Point","coordinates":[-72.439719,43.226389]},"properties":{"id":"VTD980520092","npl":"cleaning"}},{"type":"Feature","id":"NYD067532580","geometry":{"type":"Point","coordinates":[-78.029278,43.222944]},"properties":{"id":"NYD067532580","npl":"listed"}},{"type":"Feature","id":"NYD000511857","geometry":{"type":"Point","coordinates":[-78.4417,43.2172]},"properties":{"id":"NYD000511857","npl":"verified"}},{"type":"Feature","id":"MID981089915","geometry":{"type":"Point","coordinates":[-85.753331,43.216669]},"properties":{"id":"MID981089915","npl":"verified"}},{"type":"Feature","id":"WID006100275","geometry":{"type":"Point","coordinates":[-88.5221,43.2141]},"properties":{"id":"WID006100275","npl":"cleaning"}},{"type":"Feature","id":"NHD980520191","geometry":{"type":"Point","coordinates":[-70.953,43.2125]},"properties":{"id":"NHD980520191","npl":"cleaning"}},{"type":"Feature","id":"MID044567162","geometry":{"type":"Point","coordinates":[-86.136669,43.210831]},"properties":{"id":"MID044567162","npl":"cleaning"}},{"type":"Feature","id":"MID006030373","geometry":{"type":"Point","coordinates":[-86.11746,43.209364]},"properties":{"id":"MID006030373","npl":"listed"}},{"type":"Feature","id":"MID006031348","geometry":{"type":"Point","coordinates":[-86.2237,43.2056]},"properties":{"id":"MID006031348","npl":"cleaning"}},{"type":"Feature","id":"MID000724930","geometry":{"type":"Point","coordinates":[-86.1425,43.201111]},"properties":{"id":"MID000724930","npl":"cleaning"}},{"type":"Feature","id":"MID006016703","geometry":{"type":"Point","coordinates":[-86.2908,43.2007]},"properties":{"id":"MID006016703","npl":"cleaning"}},{"type":"Feature","id":"MID980410740","geometry":{"type":"Point","coordinates":[-83.545831,43.198331]},"properties":{"id":"MID980410740","npl":"cleaning"}},{"type":"Feature","id":"WID000808568","geometry":{"type":"Point","coordinates":[-88.072219,43.194439]},"properties":{"id":"WID000808568","npl":"verified"}},{"type":"Feature","id":"WID058735994","geometry":{"type":"Point","coordinates":[-88.066669,43.181389]},"properties":{"id":"WID058735994","npl":"cleaning"}},{"type":"Feature","id":"NYN000206456","geometry":{"type":"Point","coordinates":[-78.689544,43.1813]},"properties":{"id":"NYN000206456","npl":"listed"}},{"type":"Feature","id":"NHD989090469","geometry":{"type":"Point","coordinates":[-71.0347,43.18]},"properties":{"id":"NHD989090469","npl":"cleaning"}},{"type":"Feature","id":"WID039052626","geometry":{"type":"Point","coordinates":[-88.0417,43.1772]},"properties":{"id":"WID039052626","npl":"cleaning"}},{"type":"Feature","id":"IAD980852461","geometry":{"type":"Point","coordinates":[-93.205,43.175]},"properties":{"id":"IAD980852461","npl":"verified"}},{"type":"Feature","id":"NYN000203129","geometry":{"type":"Point","coordinates":[-76.613503,43.170353]},"properties":{"id":"NYN000203129","npl":"listed"}},{"type":"Feature","id":"MID000268136","geometry":{"type":"Point","coordinates":[-85.68195,43.1525]},"properties":{"id":"MID000268136","npl":"cleaning"}},{"type":"Feature","id":"IAD980969190","geometry":{"type":"Point","coordinates":[-93.1992,43.1476]},"properties":{"id":"IAD980969190","npl":"cleaning"}},{"type":"Feature","id":"NYD000831644","geometry":{"type":"Point","coordinates":[-79.036669,43.131111]},"properties":{"id":"NYD000831644","npl":"verified"}},{"type":"Feature","id":"NYD980780670","geometry":{"type":"Point","coordinates":[-78.1103,43.1191]},"properties":{"id":"NYD980780670","npl":"cleaning"}},{"type":"Feature","id":"NYD981560923","geometry":{"type":"Point","coordinates":[-78.9995,43.1127]},"properties":{"id":"NYD981560923","npl":"cleaning"}},{"type":"Feature","id":"NYD980763841","geometry":{"type":"Point","coordinates":[-73.5765,43.1102]},"properties":{"id":"NYD980763841","npl":"listed"}},{"type":"Feature","id":"MI0001271535","geometry":{"type":"Point","coordinates":[-85.228333,43.098611]},"properties":{"id":"MI0001271535","npl":"verified"}},{"type":"Feature","id":"WID980820070","geometry":{"type":"Point","coordinates":[-88.163331,43.092781]},"properties":{"id":"WID980820070","npl":"cleaning"}},{"type":"Feature","id":"NYD980664361","geometry":{"type":"Point","coordinates":[-73.776111,43.09]},"properties":{"id":"NYD980664361","npl":"cleaning"}},{"type":"Feature","id":"WID980610604","geometry":{"type":"Point","coordinates":[-89.584722,43.086111]},"properties":{"id":"WID980610604","npl":"cleaning"}},{"type":"Feature","id":"IAD065210734","geometry":{"type":"Point","coordinates":[-92.680781,43.085]},"properties":{"id":"IAD065210734","npl":"verified"}},{"type":"Feature","id":"ME7170022019","geometry":{"type":"Point","coordinates":[-70.741666,43.084167]},"properties":{"id":"ME7170022019","npl":"verified"}},{"type":"Feature","id":"NH7570024847","geometry":{"type":"Point","coordinates":[-70.82125,43.080169]},"properties":{"id":"NH7570024847","npl":"cleaning"}},{"type":"Feature","id":"NYD000606947","geometry":{"type":"Point","coordinates":[-78.94945,43.079719]},"properties":{"id":"NYD000606947","npl":"verified"}},{"type":"Feature","id":"NYD980651087","geometry":{"type":"Point","coordinates":[-79.0054,43.0757]},"properties":{"id":"NYD980651087","npl":"cleaning"}},{"type":"Feature","id":"IAD022193577","geometry":{"type":"Point","coordinates":[-95.905,43.074169]},"properties":{"id":"IAD022193577","npl":"verified"}},{"type":"Feature","id":"NYD980506810","geometry":{"type":"Point","coordinates":[-78.942219,43.070281]},"properties":{"id":"NYD980506810","npl":"verified"}},{"type":"Feature","id":"NYD986913580","geometry":{"type":"Point","coordinates":[-76.208056,43.069444]},"properties":{"id":"NYD986913580","npl":"listed"}},{"type":"Feature","id":"NYD000514257","geometry":{"type":"Point","coordinates":[-78.906111,43.06055]},"properties":{"id":"NYD000514257","npl":"verified"}},{"type":"Feature","id":"IAD980631063","geometry":{"type":"Point","coordinates":[-92.6696,43.058]},"properties":{"id":"IAD980631063","npl":"verified"}},{"type":"Feature","id":"IAD980630560","geometry":{"type":"Point","coordinates":[-92.6631,43.0563]},"properties":{"id":"IAD980630560","npl":"cleaning"}},{"type":"Feature","id":"WID980901235","geometry":{"type":"Point","coordinates":[-88.148111,43.048169]},"properties":{"id":"WID980901235","npl":"cleaning"}},{"type":"Feature","id":"ID3572124557","geometry":{"type":"Point","coordinates":[-115.8647,43.04805]},"properties":{"id":"ID3572124557","npl":"cleaning"}},{"type":"Feature","id":"NYD980506927","geometry":{"type":"Point","coordinates":[-74.393061,43.043061]},"properties":{"id":"NYD980506927","npl":"cleaning"}},{"type":"Feature","id":"WID078934403","geometry":{"type":"Point","coordinates":[-89.346281,43.034311]},"properties":{"id":"WID078934403","npl":"cleaning"}},{"type":"Feature","id":"NHD092059112","geometry":{"type":"Point","coordinates":[-71.033331,43.024169]},"properties":{"id":"NHD092059112","npl":"cleaning"}},{"type":"Feature","id":"NYD980507693","geometry":{"type":"Point","coordinates":[-78.2561,43.0197]},"properties":{"id":"NYD980507693","npl":"verified"}},{"type":"Feature","id":"MID980609341","geometry":{"type":"Point","coordinates":[-85.590506,43.013397]},"properties":{"id":"MID980609341","npl":"listed"}},{"type":"Feature","id":"MID017075136","geometry":{"type":"Point","coordinates":[-85.678339,43.003331]},"properties":{"id":"MID017075136","npl":"cleaning"}},{"type":"Feature","id":"MID980609366","geometry":{"type":"Point","coordinates":[-85.703331,43.001669]},"properties":{"id":"MID980609366","npl":"verified"}},{"type":"Feature","id":"NHD064424153","geometry":{"type":"Point","coordinates":[-70.817219,43.001111]},"properties":{"id":"NHD064424153","npl":"cleaning"}},{"type":"Feature","id":"NYD986950251","geometry":{"type":"Point","coordinates":[-77.933306,42.992028]},"properties":{"id":"NYD986950251","npl":"listed"}},{"type":"Feature","id":"NHD980503361","geometry":{"type":"Point","coordinates":[-71.173189,42.989581]},"properties":{"id":"NHD980503361","npl":"cleaning"}},{"type":"Feature","id":"MID006029102","geometry":{"type":"Point","coordinates":[-85.03,42.9875]},"properties":{"id":"MID006029102","npl":"cleaning"}},{"type":"Feature","id":"MID980794416","geometry":{"type":"Point","coordinates":[-85.046111,42.976669]},"properties":{"id":"MID980794416","npl":"cleaning"}},{"type":"Feature","id":"NYD000813428","geometry":{"type":"Point","coordinates":[-77.845561,42.976531]},"properties":{"id":"NYD000813428","npl":"cleaning"}},{"type":"Feature","id":"NYD980535124","geometry":{"type":"Point","coordinates":[-73.758331,42.963889]},"properties":{"id":"NYD980535124","npl":"cleaning"}},{"type":"Feature","id":"NYD013468939","geometry":{"type":"Point","coordinates":[-75.226389,42.959169]},"properties":{"id":"NYD013468939","npl":"verified"}},{"type":"Feature","id":"MID062222997","geometry":{"type":"Point","coordinates":[-85.700281,42.952219]},"properties":{"id":"MID062222997","npl":"cleaning"}},{"type":"Feature","id":"MID980506562","geometry":{"type":"Point","coordinates":[-83.274439,42.94695]},"properties":{"id":"MID980506562","npl":"cleaning"}},{"type":"Feature","id":"WID980610646","geometry":{"type":"Point","coordinates":[-89.356939,42.946389]},"properties":{"id":"WID980610646","npl":"cleaning"}},{"type":"Feature","id":"NYD980507495","geometry":{"type":"Point","coordinates":[-78.7025,42.943889]},"properties":{"id":"NYD980507495","npl":"verified"}},{"type":"Feature","id":"IAD980630487","geometry":{"type":"Point","coordinates":[-96.193339,42.934439]},"properties":{"id":"IAD980630487","npl":"cleaning"}},{"type":"Feature","id":"NHD980524086","geometry":{"type":"Point","coordinates":[-71.3529,42.9302]},"properties":{"id":"NHD980524086","npl":"cleaning"}},{"type":"Feature","id":"WID980901219","geometry":{"type":"Point","coordinates":[-89.206389,42.923889]},"properties":{"id":"WID980901219","npl":"cleaning"}},{"type":"Feature","id":"VTD981064223","geometry":{"type":"Point","coordinates":[-73.197781,42.922219]},"properties":{"id":"VTD981064223","npl":"cleaning"}},{"type":"Feature","id":"WID980901227","geometry":{"type":"Point","coordinates":[-87.95245,42.9207]},"properties":{"id":"WID980901227","npl":"verified"}},{"type":"Feature","id":"MID990858003","geometry":{"type":"Point","coordinates":[-85.7475,42.9178]},"properties":{"id":"MID990858003","npl":"cleaning"}},{"type":"Feature","id":"MID079300125","geometry":{"type":"Point","coordinates":[-85.727781,42.915831]},"properties":{"id":"MID079300125","npl":"listed"}},{"type":"Feature","id":"MID980477079","geometry":{"type":"Point","coordinates":[-85.674161,42.91]},"properties":{"id":"MID980477079","npl":"cleaning"}},{"type":"Feature","id":"WID980610059","geometry":{"type":"Point","coordinates":[-89.1832,42.9089]},"properties":{"id":"WID980610059","npl":"cleaning"}},{"type":"Feature","id":"MID000605717","geometry":{"type":"Point","coordinates":[-83.8348,42.904]},"properties":{"id":"MID000605717","npl":"verified"}},{"type":"Feature","id":"IDD984666610","geometry":{"type":"Point","coordinates":[-112.5225,42.901111]},"properties":{"id":"IDD984666610","npl":"listed"}},{"type":"Feature","id":"NHD990717647","geometry":{"type":"Point","coordinates":[-71.080561,42.897219]},"properties":{"id":"NHD990717647","npl":"cleaning"}},{"type":"Feature","id":"IDD098812878","geometry":{"type":"Point","coordinates":[-112.486,42.8957]},"properties":{"id":"IDD098812878","npl":"verified"}},{"type":"Feature","id":"IDD055030852","geometry":{"type":"Point","coordinates":[-112.4876,42.8954]},"properties":{"id":"IDD055030852","npl":"verified"}},{"type":"Feature","id":"NYD004986741","geometry":{"type":"Point","coordinates":[-73.3566,42.8943]},"properties":{"id":"NYD004986741","npl":"listed"}},{"type":"Feature","id":"WID000713180","geometry":{"type":"Point","coordinates":[-88.1829,42.8929]},"properties":{"id":"WID000713180","npl":"cleaning"}},{"type":"Feature","id":"VTD048141741","geometry":{"type":"Point","coordinates":[-73.189111,42.888861]},"properties":{"id":"VTD048141741","npl":"listed"}},{"type":"Feature","id":"NYD981560915","geometry":{"type":"Point","coordinates":[-75.195833,42.883333]},"properties":{"id":"NYD981560915","npl":"verified"}},{"type":"Feature","id":"NYN000204289","geometry":{"type":"Point","coordinates":[-76.6425,42.880556]},"properties":{"id":"NYN000204289","npl":"listed"}},{"type":"Feature","id":"VTD003965415","geometry":{"type":"Point","coordinates":[-73.150139,42.878061]},"properties":{"id":"VTD003965415","npl":"cleaning"}},{"type":"Feature","id":"VTD000509174","geometry":{"type":"Point","coordinates":[-73.266669,42.877781]},"properties":{"id":"VTD000509174","npl":"verified"}},{"type":"Feature","id":"MID000260281","geometry":{"type":"Point","coordinates":[-85.5906,42.8738]},"properties":{"id":"MID000260281","npl":"cleaning"}},{"type":"Feature","id":"NYD981561954","geometry":{"type":"Point","coordinates":[-75.5687,42.8638]},"properties":{"id":"NYD981561954","npl":"verified"}},{"type":"Feature","id":"NHD981063860","geometry":{"type":"Point","coordinates":[-71.393611,42.861669]},"properties":{"id":"NHD981063860","npl":"verified"}},{"type":"Feature","id":"NHD062004569","geometry":{"type":"Point","coordinates":[-71.351111,42.860831]},"properties":{"id":"NHD062004569","npl":"cleaning"}},{"type":"Feature","id":"WYD981546005","geometry":{"type":"Point","coordinates":[-106.2288,42.860581]},"properties":{"id":"WYD981546005","npl":"verified"}},{"type":"Feature","id":"NHD001091453","geometry":{"type":"Point","coordinates":[-71.488888,42.855833]},"properties":{"id":"NHD001091453","npl":"cleaning"}},{"type":"Feature","id":"NHD018958140","geometry":{"type":"Point","coordinates":[-71.105889,42.855075]},"properties":{"id":"NHD018958140","npl":"listed"}},{"type":"Feature","id":"ORN001002616","geometry":{"type":"Point","coordinates":[-123.382611,42.854472]},"properties":{"id":"ORN001002616","npl":"listed"}},{"type":"Feature","id":"NHD980671069","geometry":{"type":"Point","coordinates":[-71.9468,42.8489]},"properties":{"id":"NHD980671069","npl":"cleaning"}},{"type":"Feature","id":"MAD1409408","geometry":{"type":"Point","coordinates":[-70.959842,42.842394]},"properties":{"id":"MAD1409408","npl":"listed"}},{"type":"Feature","id":"NHD980671002","geometry":{"type":"Point","coordinates":[-71.6884,42.8418]},"properties":{"id":"NHD980671002","npl":"cleaning"}},{"type":"Feature","id":"NHD001079649","geometry":{"type":"Point","coordinates":[-71.6554,42.8358]},"properties":{"id":"NHD001079649","npl":"cleaning"}},{"type":"Feature","id":"WID980511919","geometry":{"type":"Point","coordinates":[-87.88,42.835]},"properties":{"id":"WID980511919","npl":"cleaning"}},{"type":"Feature","id":"MID060179587","geometry":{"type":"Point","coordinates":[-86.189389,42.824219]},"properties":{"id":"MID060179587","npl":"verified"}},{"type":"Feature","id":"MID980608780","geometry":{"type":"Point","coordinates":[-86.185219,42.820419]},"properties":{"id":"MID980608780","npl":"cleaning"}},{"type":"Feature","id":"NHD980520217","geometry":{"type":"Point","coordinates":[-72.186944,42.802583]},"properties":{"id":"NHD980520217","npl":"cleaning"}},{"type":"Feature","id":"VTD069910354","geometry":{"type":"Point","coordinates":[-73.26575,42.797167]},"properties":{"id":"VTD069910354","npl":"cleaning"}},{"type":"Feature","id":"IAN000706042","geometry":{"type":"Point","coordinates":[-96.166464,42.79305]},"properties":{"id":"IAN000706042","npl":"listed"}},{"type":"Feature","id":"NHD981889629","geometry":{"type":"Point","coordinates":[-71.487778,42.765569]},"properties":{"id":"NHD981889629","npl":"proposed"}},{"type":"Feature","id":"MID980702989","geometry":{"type":"Point","coordinates":[-84.535,42.760831]},"properties":{"id":"MID980702989","npl":"cleaning"}},{"type":"Feature","id":"MID980476907","geometry":{"type":"Point","coordinates":[-84.7677,42.7547]},"properties":{"id":"MID980476907","npl":"cleaning"}},{"type":"Feature","id":"MAD980523336","geometry":{"type":"Point","coordinates":[-71.046669,42.753889]},"properties":{"id":"MAD980523336","npl":"listed"}},{"type":"Feature","id":"MAD980732317","geometry":{"type":"Point","coordinates":[-71.038889,42.753331]},"properties":{"id":"MAD980732317","npl":"cleaning"}},{"type":"Feature","id":"NY0213820830","geometry":{"type":"Point","coordinates":[-76.85445,42.75]},"properties":{"id":"NY0213820830","npl":"listed"}},{"type":"Feature","id":"MID017188673","geometry":{"type":"Point","coordinates":[-84.543331,42.749031]},"properties":{"id":"MID017188673","npl":"verified"}},{"type":"Feature","id":"MID006522791","geometry":{"type":"Point","coordinates":[-84.587781,42.739439]},"properties":{"id":"MID006522791","npl":"cleaning"}},{"type":"Feature","id":"MID980794663","geometry":{"type":"Point","coordinates":[-83.610281,42.725281]},"properties":{"id":"MID980794663","npl":"verified"}},{"type":"Feature","id":"MID980499842","geometry":{"type":"Point","coordinates":[-83.631939,42.720831]},"properties":{"id":"MID980499842","npl":"cleaning"}},{"type":"Feature","id":"NHD099363541","geometry":{"type":"Point","coordinates":[-71.523111,42.7197]},"properties":{"id":"NHD099363541","npl":"cleaning"}},{"type":"Feature","id":"MID980499966","geometry":{"type":"Point","coordinates":[-83.5419,42.7044]},"properties":{"id":"MID980499966","npl":"cleaning"}},{"type":"Feature","id":"WID000712950","geometry":{"type":"Point","coordinates":[-89.0275,42.703061]},"properties":{"id":"WID000712950","npl":"cleaning"}},{"type":"Feature","id":"WID980614044","geometry":{"type":"Point","coordinates":[-89.023611,42.702781]},"properties":{"id":"WID980614044","npl":"cleaning"}},{"type":"Feature","id":"NYD048148175","geometry":{"type":"Point","coordinates":[-73.804169,42.689719]},"properties":{"id":"NYD048148175","npl":"cleaned"}},{"type":"Feature","id":"IDD041310707","geometry":{"type":"Point","coordinates":[-111.5736,42.687219]},"properties":{"id":"IDD041310707","npl":"cleaning"}},{"type":"Feature","id":"IDD081830994","geometry":{"type":"Point","coordinates":[-111.5878,42.687031]},"properties":{"id":"IDD081830994","npl":"cleaning"}},{"type":"Feature","id":"MID069826170","geometry":{"type":"Point","coordinates":[-82.907389,42.682081]},"properties":{"id":"MID069826170","npl":"cleaning"}},{"type":"Feature","id":"MAD3809266","geometry":{"type":"Point","coordinates":[-71.443339,42.66945]},"properties":{"id":"MAD3809266","npl":"cleaning"}},{"type":"Feature","id":"WID980610620","geometry":{"type":"Point","coordinates":[-88.98055,42.666669]},"properties":{"id":"WID980610620","npl":"verified"}},{"type":"Feature","id":"NYD980421176","geometry":{"type":"Point","coordinates":[-75.876661,42.665]},"properties":{"id":"NYD980421176","npl":"listed"}},{"type":"Feature","id":"MID980410823","geometry":{"type":"Point","coordinates":[-83.077769,42.664719]},"properties":{"id":"MID980410823","npl":"cleaning"}},{"type":"Feature","id":"MID980609440","geometry":{"type":"Point","coordinates":[-83.0959,42.6556]},"properties":{"id":"MID980609440","npl":"cleaning"}},{"type":"Feature","id":"MID067340711","geometry":{"type":"Point","coordinates":[-83.073611,42.652781]},"properties":{"id":"MID067340711","npl":"cleaning"}},{"type":"Feature","id":"MID005341714","geometry":{"type":"Point","coordinates":[-83.593089,42.649831]},"properties":{"id":"MID005341714","npl":"cleaning"}},{"type":"Feature","id":"WID980820062","geometry":{"type":"Point","coordinates":[-88.623889,42.631669]},"properties":{"id":"WID980820062","npl":"cleaning"}},{"type":"Feature","id":"MAD192393","geometry":{"type":"Point","coordinates":[-71.313889,42.628889]},"properties":{"id":"MAD192393","npl":"cleaning"}},{"type":"Feature","id":"MID980794473","geometry":{"type":"Point","coordinates":[-83.963611,42.622781]},"properties":{"id":"MID980794473","npl":"cleaning"}},{"type":"Feature","id":"MAD980520696","geometry":{"type":"Point","coordinates":[-71.183194,42.598222]},"properties":{"id":"MAD980520696","npl":"cleaning"}},{"type":"Feature","id":"NYD982272734","geometry":{"type":"Point","coordinates":[-76.175281,42.591669]},"properties":{"id":"NYD982272734","npl":"cleaning"}},{"type":"Feature","id":"NYD980652259","geometry":{"type":"Point","coordinates":[-79.128611,42.586669]},"properties":{"id":"NYD980652259","npl":"verified"}},{"type":"Feature","id":"MAD51787323","geometry":{"type":"Point","coordinates":[-71.265269,42.583331]},"properties":{"id":"MAD51787323","npl":"cleaning"}},{"type":"Feature","id":"NYD000512335","geometry":{"type":"Point","coordinates":[-73.560496,42.560957]},"properties":{"id":"NYD000512335","npl":"listed"}},{"type":"Feature","id":"MAD1031574","geometry":{"type":"Point","coordinates":[-70.926722,42.553111]},"properties":{"id":"MAD1031574","npl":"listed"}},{"type":"Feature","id":"MID006028062","geometry":{"type":"Point","coordinates":[-85.85,42.536669]},"properties":{"id":"MID006028062","npl":"cleaning"}},{"type":"Feature","id":"MA7210025154","geometry":{"type":"Point","coordinates":[-71.596111,42.536111]},"properties":{"id":"MA7210025154","npl":"listed"}},{"type":"Feature","id":"MAD1403104","geometry":{"type":"Point","coordinates":[-71.153889,42.528056]},"properties":{"id":"MAD1403104","npl":"listed"}},{"type":"Feature","id":"MAD76580950","geometry":{"type":"Point","coordinates":[-71.141669,42.516669]},"properties":{"id":"MAD76580950","npl":"cleaning"}},{"type":"Feature","id":"MAD980524169","geometry":{"type":"Point","coordinates":[-73.2748,42.5055]},"properties":{"id":"MAD980524169","npl":"cleaning"}},{"type":"Feature","id":"IAD980852578","geometry":{"type":"Point","coordinates":[-90.658889,42.505281]},"properties":{"id":"IAD980852578","npl":"cleaning"}},{"type":"Feature","id":"MAD980525240","geometry":{"type":"Point","coordinates":[-70.9313,42.503]},"properties":{"id":"MAD980525240","npl":"verified"}},{"type":"Feature","id":"MAD980732168","geometry":{"type":"Point","coordinates":[-71.130839,42.494719]},"properties":{"id":"MAD980732168","npl":"listed"}},{"type":"Feature","id":"IAD984566356","geometry":{"type":"Point","coordinates":[-92.326389,42.491389]},"properties":{"id":"IAD984566356","npl":"proposed"}},{"type":"Feature","id":"MIN000510063","geometry":{"type":"Point","coordinates":[-82.899167,42.486944]},"properties":{"id":"MIN000510063","npl":"listed"}},{"type":"Feature","id":"MA6170023570","geometry":{"type":"Point","coordinates":[-71.290277,42.478889]},"properties":{"id":"MA6170023570","npl":"cleaning"}},{"type":"Feature","id":"ILD980605836","geometry":{"type":"Point","coordinates":[-88.0819,42.4753]},"properties":{"id":"ILD980605836","npl":"cleaning"}},{"type":"Feature","id":"MA8570024424","geometry":{"type":"Point","coordinates":[-71.289444,42.470666]},"properties":{"id":"MA8570024424","npl":"cleaning"}},{"type":"Feature","id":"ILD021440375","geometry":{"type":"Point","coordinates":[-89.06555,42.468611]},"properties":{"id":"ILD021440375","npl":"cleaning"}},{"type":"Feature","id":"NYD980530265","geometry":{"type":"Point","coordinates":[-78.927583,42.458778]},"properties":{"id":"NYD980530265","npl":"verified"}},{"type":"Feature","id":"MID095402210","geometry":{"type":"Point","coordinates":[-83.7693,42.4544]},"properties":{"id":"MID095402210","npl":"cleaning"}},{"type":"Feature","id":"MID980794481","geometry":{"type":"Point","coordinates":[-83.772219,42.454169]},"properties":{"id":"MID980794481","npl":"verified"}},{"type":"Feature","id":"MAD1002252","geometry":{"type":"Point","coordinates":[-71.427781,42.45055]},"properties":{"id":"MAD1002252","npl":"cleaning"}},{"type":"Feature","id":"MAD2084093","geometry":{"type":"Point","coordinates":[-73.232222,42.450278]},"properties":{"id":"MAD2084093","npl":"proposed"}},{"type":"Feature","id":"MAD62166335","geometry":{"type":"Point","coordinates":[-71.421944,42.441667]},"properties":{"id":"MAD62166335","npl":"listed"}},{"type":"Feature","id":"MAD980520670","geometry":{"type":"Point","coordinates":[-71.475278,42.406944]},"properties":{"id":"MAD980520670","npl":"verified"}},{"type":"Feature","id":"NYD980592547","geometry":{"type":"Point","coordinates":[-79.012572,42.392897]},"properties":{"id":"NYD980592547","npl":"verified"}},{"type":"Feature","id":"ILD980500102","geometry":{"type":"Point","coordinates":[-87.848611,42.388889]},"properties":{"id":"ILD980500102","npl":"cleaning"}},{"type":"Feature","id":"ILD005443544","geometry":{"type":"Point","coordinates":[-87.811669,42.386669]},"properties":{"id":"ILD005443544","npl":"cleaning"}},{"type":"Feature","id":"ILD000802827","geometry":{"type":"Point","coordinates":[-87.821111,42.365281]},"properties":{"id":"ILD000802827","npl":"cleaning"}},{"type":"Feature","id":"MA0213820939","geometry":{"type":"Point","coordinates":[-71.166111,42.360416]},"properties":{"id":"MA0213820939","npl":"verified"}},{"type":"Feature","id":"ILN000510407","geometry":{"type":"Point","coordinates":[-90.398569,42.357422]},"properties":{"id":"ILN000510407","npl":"listed"}},{"type":"Feature","id":"MID980274179","geometry":{"type":"Point","coordinates":[-83.091669,42.345281]},"properties":{"id":"MID980274179","npl":"verified"}},{"type":"Feature","id":"MID980793806","geometry":{"type":"Point","coordinates":[-85.143331,42.341669]},"properties":{"id":"MID980793806","npl":"cleaning"}},{"type":"Feature","id":"IAD085824688","geometry":{"type":"Point","coordinates":[-96.352219,42.3375]},"properties":{"id":"IAD085824688","npl":"verified"}},{"type":"Feature","id":"OR7122307658","geometry":{"type":"Point","coordinates":[-120.541667,42.336111]},"properties":{"id":"OR7122307658","npl":"cleaning"}},{"type":"Feature","id":"ILD003817137","geometry":{"type":"Point","coordinates":[-87.9537,42.315831]},"properties":{"id":"ILD003817137","npl":"verified"}},{"type":"Feature","id":"MID006007306","geometry":{"type":"Point","coordinates":[-85.576083,42.303333]},"properties":{"id":"MID006007306","npl":"listed"}},{"type":"Feature","id":"NYD981566417","geometry":{"type":"Point","coordinates":[-75.413333,42.300555]},"properties":{"id":"NYD981566417","npl":"cleaning"}},{"type":"Feature","id":"MID980794382","geometry":{"type":"Point","coordinates":[-85.567219,42.293889]},"properties":{"id":"MID980794382","npl":"cleaning"}},{"type":"Feature","id":"ILD980605943","geometry":{"type":"Point","coordinates":[-88.4402,42.2923]},"properties":{"id":"ILD980605943","npl":"cleaning"}},{"type":"Feature","id":"MA1210020631","geometry":{"type":"Point","coordinates":[-71.363611,42.288889]},"properties":{"id":"MA1210020631","npl":"cleaning"}},{"type":"Feature","id":"MID980506463","geometry":{"type":"Point","coordinates":[-85.718889,42.283331]},"properties":{"id":"MID980506463","npl":"cleaning"}},{"type":"Feature","id":"ILD047019732","geometry":{"type":"Point","coordinates":[-88.1375,42.281389]},"properties":{"id":"ILD047019732","npl":"cleaning"}},{"type":"Feature","id":"MID005341813","geometry":{"type":"Point","coordinates":[-83.79994,42.276144]},"properties":{"id":"MID005341813","npl":"proposed"}},{"type":"Feature","id":"MAD980732341","geometry":{"type":"Point","coordinates":[-71.650831,42.272781]},"properties":{"id":"MAD980732341","npl":"cleaning"}},{"type":"Feature","id":"ILD005252432","geometry":{"type":"Point","coordinates":[-88.836,42.2692]},"properties":{"id":"ILD005252432","npl":"listed"}},{"type":"Feature","id":"NYD002066330","geometry":{"type":"Point","coordinates":[-73.941111,42.266939]},"properties":{"id":"NYD002066330","npl":"cleaning"}},{"type":"Feature","id":"ORN001002476","geometry":{"type":"Point","coordinates":[-121.7465,42.2648]},"properties":{"id":"ORN001002476","npl":"listed"}},{"type":"Feature","id":"ILD980497663","geometry":{"type":"Point","coordinates":[-88.8723,42.2643]},"properties":{"id":"ILD980497663","npl":"verified"}},{"type":"Feature","id":"MAD990685422","geometry":{"type":"Point","coordinates":[-71.473611,42.258611]},"properties":{"id":"MAD990685422","npl":"listed"}},{"type":"Feature","id":"NYD980507677","geometry":{"type":"Point","coordinates":[-75.243,42.2577]},"properties":{"id":"NYD980507677","npl":"cleaning"}},{"type":"Feature","id":"ILD980497788","geometry":{"type":"Point","coordinates":[-88.806944,42.255917]},"properties":{"id":"ILD980497788","npl":"cleaning"}},{"type":"Feature","id":"MID000775957","geometry":{"type":"Point","coordinates":[-85.5433,42.2545]},"properties":{"id":"MID000775957","npl":"cleaning"}},{"type":"Feature","id":"MIN000505842","geometry":{"type":"Point","coordinates":[-84.40701,42.253511]},"properties":{"id":"MIN000505842","npl":"listed"}},{"type":"Feature","id":"NYD980507735","geometry":{"type":"Point","coordinates":[-75.249169,42.252781]},"properties":{"id":"NYD980507735","npl":"cleaning"}},{"type":"Feature","id":"MAN000102204","geometry":{"type":"Point","coordinates":[-71.12028,42.252299]},"properties":{"id":"MAN000102204","npl":"listed"}},{"type":"Feature","id":"MID005339676","geometry":{"type":"Point","coordinates":[-84.733061,42.252219]},"properties":{"id":"MID005339676","npl":"cleaning"}},{"type":"Feature","id":"MID980504450","geometry":{"type":"Point","coordinates":[-84.7195,42.24955]},"properties":{"id":"MID980504450","npl":"cleaning"}},{"type":"Feature","id":"ILT180011975","geometry":{"type":"Point","coordinates":[-89.098,42.241]},"properties":{"id":"ILT180011975","npl":"cleaning"}},{"type":"Feature","id":"NY0001233634","geometry":{"type":"Point","coordinates":[-78.766944,42.236667]},"properties":{"id":"NY0001233634","npl":"cleaning"}},{"type":"Feature","id":"MID985574227","geometry":{"type":"Point","coordinates":[-83.157777,42.234166]},"properties":{"id":"MID985574227","npl":"verified"}},{"type":"Feature","id":"ILD981000417","geometry":{"type":"Point","coordinates":[-89.071111,42.230689]},"properties":{"id":"ILD981000417","npl":"listed"}},{"type":"Feature","id":"MID005340088","geometry":{"type":"Point","coordinates":[-85.5443,42.2292]},"properties":{"id":"MID005340088","npl":"cleaning"}},{"type":"Feature","id":"MID980410617","geometry":{"type":"Point","coordinates":[-86.1502,42.2233]},"properties":{"id":"MID980410617","npl":"verified"}},{"type":"Feature","id":"IL3210020803","geometry":{"type":"Point","coordinates":[-90.313331,42.21]},"properties":{"id":"IL3210020803","npl":"listed"}},{"type":"Feature","id":"MAD980670566","geometry":{"type":"Point","coordinates":[-71.1925,42.180831]},"properties":{"id":"MAD980670566","npl":"verified"}},{"type":"Feature","id":"MID017422304","geometry":{"type":"Point","coordinates":[-83.170906,42.160597]},"properties":{"id":"MID017422304","npl":"listed"}},{"type":"Feature","id":"NYD980768691","geometry":{"type":"Point","coordinates":[-75.58945,42.160419]},"properties":{"id":"NYD980768691","npl":"cleaning"}},{"type":"Feature","id":"ILD980606685","geometry":{"type":"Point","coordinates":[-89.056661,42.158331]},"properties":{"id":"ILD980606685","npl":"cleaning"}},{"type":"Feature","id":"NYD980509285","geometry":{"type":"Point","coordinates":[-75.811939,42.15805]},"properties":{"id":"NYD980509285","npl":"cleaning"}},{"type":"Feature","id":"ILD053219259","geometry":{"type":"Point","coordinates":[-89.0455,42.1577]},"properties":{"id":"ILD053219259","npl":"cleaning"}},{"type":"Feature","id":"MA2170022022","geometry":{"type":"Point","coordinates":[-70.93347,42.155277]},"properties":{"id":"MA2170022022","npl":"listed"}},{"type":"Feature","id":"MAD980731483","geometry":{"type":"Point","coordinates":[-72.330281,42.153331]},"properties":{"id":"MAD980731483","npl":"cleaning"}},{"type":"Feature","id":"MAD1041987","geometry":{"type":"Point","coordinates":[-71.028611,42.149719]},"properties":{"id":"MAD1041987","npl":"cleaning"}},{"type":"Feature","id":"PAD980508865","geometry":{"type":"Point","coordinates":[-80.1333,42.1497]},"properties":{"id":"PAD980508865","npl":"verified"}},{"type":"Feature","id":"NYD980650667","geometry":{"type":"Point","coordinates":[-76.828331,42.145831]},"properties":{"id":"NYD980650667","npl":"cleaning"}},{"type":"Feature","id":"MAD982191363","geometry":{"type":"Point","coordinates":[-71.251667,42.138749]},"properties":{"id":"MAD982191363","npl":"cleaning"}},{"type":"Feature","id":"NYD073675514","geometry":{"type":"Point","coordinates":[-76.829169,42.1325]},"properties":{"id":"NYD073675514","npl":"cleaning"}},{"type":"Feature","id":"MI0001119106","geometry":{"type":"Point","coordinates":[-86.454444,42.126944]},"properties":{"id":"MI0001119106","npl":"cleaning"}},{"type":"Feature","id":"NYD980652267","geometry":{"type":"Point","coordinates":[-75.997219,42.110281]},"properties":{"id":"NYD980652267","npl":"verified"}},{"type":"Feature","id":"NYD980535215","geometry":{"type":"Point","coordinates":[-77.9416,42.1088]},"properties":{"id":"NYD980535215","npl":"cleaning"}},{"type":"Feature","id":"NYD002232957","geometry":{"type":"Point","coordinates":[-75.9922,42.1049]},"properties":{"id":"NYD002232957","npl":"cleaning"}},{"type":"Feature","id":"MIN000510362","geometry":{"type":"Point","coordinates":[-83.200292,42.103075]},"properties":{"id":"MIN000510362","npl":"listed"}},{"type":"Feature","id":"NYD980768675","geometry":{"type":"Point","coordinates":[-75.998339,42.097639]},"properties":{"id":"NYD980768675","npl":"verified"}},{"type":"Feature","id":"PAD980231690","geometry":{"type":"Point","coordinates":[-80.152781,42.093331]},"properties":{"id":"PAD980231690","npl":"cleaning"}},{"type":"Feature","id":"NYD980763767","geometry":{"type":"Point","coordinates":[-76.0557,42.0902]},"properties":{"id":"NYD980763767","npl":"cleaning"}},{"type":"Feature","id":"NYD980780746","geometry":{"type":"Point","coordinates":[-76.086111,42.086111]},"properties":{"id":"NYD980780746","npl":"cleaning"}},{"type":"Feature","id":"ILD010236230","geometry":{"type":"Point","coordinates":[-89.295831,42.081669]},"properties":{"id":"ILD010236230","npl":"cleaning"}},{"type":"Feature","id":"MAN000106144","geometry":{"type":"Point","coordinates":[-71.410806,42.074417]},"properties":{"id":"MAN000106144","npl":"listed"}},{"type":"Feature","id":"NYD980528657","geometry":{"type":"Point","coordinates":[-78.404719,42.069439]},"properties":{"id":"NYD980528657","npl":"listed"}},{"type":"Feature","id":"NYD981486947","geometry":{"type":"Point","coordinates":[-75.81805,42.05]},"properties":{"id":"NYD981486947","npl":"verified"}},{"type":"Feature","id":"MID005107222","geometry":{"type":"Point","coordinates":[-86.51195,42.04945]},"properties":{"id":"MID005107222","npl":"cleaning"}},{"type":"Feature","id":"MAD1060805","geometry":{"type":"Point","coordinates":[-71.2225,42.038194]},"properties":{"id":"MAD1060805","npl":"verified"}},{"type":"Feature","id":"NED986373678","geometry":{"type":"Point","coordinates":[-97.417028,42.0323]},"properties":{"id":"NED986373678","npl":"listed"}},{"type":"Feature","id":"RID980731442","geometry":{"type":"Point","coordinates":[-71.5647,41.9964]},"properties":{"id":"RID980731442","npl":"cleaning"}},{"type":"Feature","id":"IAD005279039","geometry":{"type":"Point","coordinates":[-91.671389,41.9953]},"properties":{"id":"IAD005279039","npl":"verified"}},{"type":"Feature","id":"NED084626100","geometry":{"type":"Point","coordinates":[-97.421389,41.993611]},"properties":{"id":"NED084626100","npl":"cleaning"}},{"type":"Feature","id":"ILD048306138","geometry":{"type":"Point","coordinates":[-88.2712,41.9832]},"properties":{"id":"ILD048306138","npl":"cleaning"}},{"type":"Feature","id":"CTD980732333","geometry":{"type":"Point","coordinates":[-73.047222,41.980556]},"properties":{"id":"CTD980732333","npl":"cleaning"}},{"type":"Feature","id":"MAD980525232","geometry":{"type":"Point","coordinates":[-70.6854,41.9796]},"properties":{"id":"MAD980525232","npl":"verified"}},{"type":"Feature","id":"RID093212439","geometry":{"type":"Point","coordinates":[-71.589,41.9795]},"properties":{"id":"RID093212439","npl":"cleaning"}},{"type":"Feature","id":"PAD980508931","geometry":{"type":"Point","coordinates":[-80.3525,41.977781]},"properties":{"id":"PAD980508931","npl":"cleaning"}},{"type":"Feature","id":"MAD79510780","geometry":{"type":"Point","coordinates":[-71.0256,41.9727]},"properties":{"id":"MAD79510780","npl":"verified"}},{"type":"Feature","id":"RID009764929","geometry":{"type":"Point","coordinates":[-71.595,41.9727]},"properties":{"id":"RID009764929","npl":"cleaning"}},{"type":"Feature","id":"CAN000906063","geometry":{"type":"Point","coordinates":[-123.107442,41.959961]},"properties":{"id":"CAN000906063","npl":"listed"}},{"type":"Feature","id":"MAD1197755","geometry":{"type":"Point","coordinates":[-71.297139,41.957583]},"properties":{"id":"MAD1197755","npl":"listed"}},{"type":"Feature","id":"MAD980503973","geometry":{"type":"Point","coordinates":[-71.235,41.943331]},"properties":{"id":"MAD980503973","npl":"verified"}},{"type":"Feature","id":"CTD001153923","geometry":{"type":"Point","coordinates":[-71.966939,41.940561]},"properties":{"id":"CTD001153923","npl":"cleaning"}},{"type":"Feature","id":"RID055176283","geometry":{"type":"Point","coordinates":[-71.4268,41.929581]},"properties":{"id":"RID055176283","npl":"listed"}},{"type":"Feature","id":"RID980523070","geometry":{"type":"Point","coordinates":[-71.577769,41.922219]},"properties":{"id":"RID980523070","npl":"listed"}},{"type":"Feature","id":"RID980731459","geometry":{"type":"Point","coordinates":[-71.588111,41.917469]},"properties":{"id":"RID980731459","npl":"verified"}},{"type":"Feature","id":"OHD980611735","geometry":{"type":"Point","coordinates":[-80.652781,41.904169]},"properties":{"id":"OHD980611735","npl":"cleaning"}},{"type":"Feature","id":"MID002931228","geometry":{"type":"Point","coordinates":[-84.017219,41.893611]},"properties":{"id":"MID002931228","npl":"verified"}},{"type":"Feature","id":"ILD980824007","geometry":{"type":"Point","coordinates":[-88.208339,41.891939]},"properties":{"id":"ILD980824007","npl":"verified"}},{"type":"Feature","id":"OHD980614572","geometry":{"type":"Point","coordinates":[-80.7754,41.8915]},"properties":{"id":"OHD980614572","npl":"listed"}},{"type":"Feature","id":"MID005480900","geometry":{"type":"Point","coordinates":[-85.193339,41.880281]},"properties":{"id":"MID005480900","npl":"listed"}},{"type":"Feature","id":"ILD980824015","geometry":{"type":"Point","coordinates":[-88.2075,41.878333]},"properties":{"id":"ILD980824015","npl":"cleaning"}},{"type":"Feature","id":"ILD980824031","geometry":{"type":"Point","coordinates":[-88.1924,41.8643]},"properties":{"id":"ILD980824031","npl":"verified"}},{"type":"Feature","id":"ILD980823991","geometry":{"type":"Point","coordinates":[-88.2093,41.863611]},"properties":{"id":"ILD980823991","npl":"cleaning"}},{"type":"Feature","id":"RID981203755","geometry":{"type":"Point","coordinates":[-71.48725,41.857667]},"properties":{"id":"RID981203755","npl":"listed"}},{"type":"Feature","id":"CTD051316313","geometry":{"type":"Point","coordinates":[-72.447911,41.84975]},"properties":{"id":"CTD051316313","npl":"listed"}},{"type":"Feature","id":"ILD980606305","geometry":{"type":"Point","coordinates":[-88.1787,41.8326]},"properties":{"id":"ILD980606305","npl":"verified"}},{"type":"Feature","id":"MID980794556","geometry":{"type":"Point","coordinates":[-86.1968,41.8309]},"properties":{"id":"MID980794556","npl":"cleaning"}},{"type":"Feature","id":"MID005068143","geometry":{"type":"Point","coordinates":[-86.3545,41.8206]},"properties":{"id":"MID005068143","npl":"cleaning"}},{"type":"Feature","id":"NYD986950012","geometry":{"type":"Point","coordinates":[-74.13444,41.816667]},"properties":{"id":"NYD986950012","npl":"cleaning"}},{"type":"Feature","id":"RID980520183","geometry":{"type":"Point","coordinates":[-71.534719,41.808331]},"properties":{"id":"RID980520183","npl":"cleaning"}},{"type":"Feature","id":"MID980703011","geometry":{"type":"Point","coordinates":[-85.4256,41.7988]},"properties":{"id":"MID980703011","npl":"cleaning"}},{"type":"Feature","id":"PAD003047974","geometry":{"type":"Point","coordinates":[-75.88625,41.797361]},"properties":{"id":"PAD003047974","npl":"cleaning"}},{"type":"Feature","id":"NYD980534556","geometry":{"type":"Point","coordinates":[-73.902,41.795]},"properties":{"id":"NYD980534556","npl":"verified"}},{"type":"Feature","id":"IAD000606038","geometry":{"type":"Point","coordinates":[-90.292639,41.787781]},"properties":{"id":"IAD000606038","npl":"cleaning"}},{"type":"Feature","id":"MID084566900","geometry":{"type":"Point","coordinates":[-83.6443,41.7856]},"properties":{"id":"MID084566900","npl":"verified"}},{"type":"Feature","id":"PAD980692537","geometry":{"type":"Point","coordinates":[-78.771669,41.774719]},"properties":{"id":"PAD980692537","npl":"verified"}},{"type":"Feature","id":"CAD000626176","geometry":{"type":"Point","coordinates":[-124.2317,41.773331]},"properties":{"id":"CAD000626176","npl":"verified"}},{"type":"Feature","id":"NYD980785661","geometry":{"type":"Point","coordinates":[-73.908061,41.771111]},"properties":{"id":"NYD980785661","npl":"verified"}},{"type":"Feature","id":"NYD980535165","geometry":{"type":"Point","coordinates":[-73.561389,41.75555]},"properties":{"id":"NYD980535165","npl":"cleaning"}},{"type":"Feature","id":"IAD069625655","geometry":{"type":"Point","coordinates":[-92.893061,41.746811]},"properties":{"id":"IAD069625655","npl":"cleaning"}},{"type":"Feature","id":"OHD061722211","geometry":{"type":"Point","coordinates":[-80.7815,41.7436]},"properties":{"id":"OHD061722211","npl":"verified"}},{"type":"Feature","id":"NYSFN0204190","geometry":{"type":"Point","coordinates":[-74.4055,41.724028]},"properties":{"id":"NYSFN0204190","npl":"verified"}},{"type":"Feature","id":"IND980504005","geometry":{"type":"Point","coordinates":[-86.88,41.721669]},"properties":{"id":"IND980504005","npl":"verified"}},{"type":"Feature","id":"PAD980692487","geometry":{"type":"Point","coordinates":[-80.142972,41.71884]},"properties":{"id":"PAD980692487","npl":"cleaning"}},{"type":"Feature","id":"INN000510229","geometry":{"type":"Point","coordinates":[-85.921006,41.716847]},"properties":{"id":"INN000510229","npl":"listed"}},{"type":"Feature","id":"IND980607881","geometry":{"type":"Point","coordinates":[-86.1926,41.7132]},"properties":{"id":"IND980607881","npl":"cleaning"}},{"type":"Feature","id":"CTD004532610","geometry":{"type":"Point","coordinates":[-71.829169,41.708331]},"properties":{"id":"CTD004532610","npl":"verified"}},{"type":"Feature","id":"IND980500292","geometry":{"type":"Point","coordinates":[-86.0084,41.7073]},"properties":{"id":"IND980500292","npl":"cleaning"}},{"type":"Feature","id":"ILD005451711","geometry":{"type":"Point","coordinates":[-87.9422,41.7068]},"properties":{"id":"ILD005451711","npl":"cleaning"}},{"type":"Feature","id":"NED068645696","geometry":{"type":"Point","coordinates":[-97.69,41.701669]},"properties":{"id":"NED068645696","npl":"cleaning"}},{"type":"Feature","id":"IND980794358","geometry":{"type":"Point","coordinates":[-85.979161,41.696389]},"properties":{"id":"IND980794358","npl":"cleaning"}},{"type":"Feature","id":"IND980999635","geometry":{"type":"Point","coordinates":[-86.0875,41.695839]},"properties":{"id":"IND980999635","npl":"cleaning"}},{"type":"Feature","id":"ILN000509241","geometry":{"type":"Point","coordinates":[-87.561392,41.688533]},"properties":{"id":"ILN000509241","npl":"listed"}},{"type":"Feature","id":"MAD980520621","geometry":{"type":"Point","coordinates":[-71.033889,41.688061]},"properties":{"id":"MAD980520621","npl":"cleaning"}},{"type":"Feature","id":"NYD980780779","geometry":{"type":"Point","coordinates":[-74.038889,41.688061]},"properties":{"id":"NYD980780779","npl":"cleaning"}},{"type":"Feature","id":"INSFN0507828","geometry":{"type":"Point","coordinates":[-86.055,41.684722]},"properties":{"id":"INSFN0507828","npl":"listed"}},{"type":"Feature","id":"ILD000716852","geometry":{"type":"Point","coordinates":[-87.568889,41.679444]},"properties":{"id":"ILD000716852","npl":"listed"}},{"type":"Feature","id":"IND980904379","geometry":{"type":"Point","coordinates":[-86.297514,41.676581]},"properties":{"id":"IND980904379","npl":"listed"}},{"type":"Feature","id":"IND982073785","geometry":{"type":"Point","coordinates":[-85.996225,41.672922]},"properties":{"id":"IND982073785","npl":"listed"}},{"type":"Feature","id":"IND005444104","geometry":{"type":"Point","coordinates":[-87.496064,41.672435]},"properties":{"id":"IND005444104","npl":"listed"}},{"type":"Feature","id":"RID980579056","geometry":{"type":"Point","coordinates":[-71.709169,41.671669]},"properties":{"id":"RID980579056","npl":"cleaning"}},{"type":"Feature","id":"CTD009774969","geometry":{"type":"Point","coordinates":[-71.964161,41.66945]},"properties":{"id":"CTD009774969","npl":"cleaning"}},{"type":"Feature","id":"CTD108960972","geometry":{"type":"Point","coordinates":[-71.924161,41.665281]},"properties":{"id":"CTD108960972","npl":"cleaning"}},{"type":"Feature","id":"IND980999791","geometry":{"type":"Point","coordinates":[-86.280281,41.663889]},"properties":{"id":"IND980999791","npl":"verified"}},{"type":"Feature","id":"IND000715490","geometry":{"type":"Point","coordinates":[-86.0115,41.6634]},"properties":{"id":"IND000715490","npl":"cleaning"}},{"type":"Feature","id":"ILN000505540","geometry":{"type":"Point","coordinates":[-87.543503,41.662606]},"properties":{"id":"ILN000505540","npl":"listed"}},{"type":"Feature","id":"OHD980510200","geometry":{"type":"Point","coordinates":[-80.8456,41.6601]},"properties":{"id":"OHD980510200","npl":"cleaning"}},{"type":"Feature","id":"MAD980731343","geometry":{"type":"Point","coordinates":[-70.957219,41.654719]},"properties":{"id":"MAD980731343","npl":"cleaning"}},{"type":"Feature","id":"MA2570024487","geometry":{"type":"Point","coordinates":[-70.521388,41.651666]},"properties":{"id":"MA2570024487","npl":"cleaning"}},{"type":"Feature","id":"MAD980731335","geometry":{"type":"Point","coordinates":[-70.919887,41.643171]},"properties":{"id":"MAD980731335","npl":"listed"}},{"type":"Feature","id":"MAD1026319","geometry":{"type":"Point","coordinates":[-70.89445,41.635561]},"properties":{"id":"MAD1026319","npl":"cleaning"}},{"type":"Feature","id":"PAD980705107","geometry":{"type":"Point","coordinates":[-76.389169,41.633061]},"properties":{"id":"PAD980705107","npl":"cleaning"}},{"type":"Feature","id":"ILD099213498","geometry":{"type":"Point","coordinates":[-87.526905,41.628303]},"properties":{"id":"ILD099213498","npl":"listed"}},{"type":"Feature","id":"IND980679559","geometry":{"type":"Point","coordinates":[-87.408611,41.622781]},"properties":{"id":"IND980679559","npl":"cleaning"}},{"type":"Feature","id":"CTD009717604","geometry":{"type":"Point","coordinates":[-72.878,41.6196]},"properties":{"id":"CTD009717604","npl":"cleaning"}},{"type":"Feature","id":"IND047030226","geometry":{"type":"Point","coordinates":[-87.464046,41.616758]},"properties":{"id":"IND047030226","npl":"listed"}},{"type":"Feature","id":"IND077005916","geometry":{"type":"Point","coordinates":[-87.426447,41.614061]},"properties":{"id":"IND077005916","npl":"listed"}},{"type":"Feature","id":"NYD066813064","geometry":{"type":"Point","coordinates":[-73.781481,41.6116]},"properties":{"id":"NYD066813064","npl":"listed"}},{"type":"Feature","id":"RI6170022036","geometry":{"type":"Point","coordinates":[-71.47422,41.6095]},"properties":{"id":"RI6170022036","npl":"listed"}},{"type":"Feature","id":"NYD980528475","geometry":{"type":"Point","coordinates":[-75.065,41.600561]},"properties":{"id":"NYD980528475","npl":"cleaning"}},{"type":"Feature","id":"NYN000201758","geometry":{"type":"Point","coordinates":[-73.927136,41.597684]},"properties":{"id":"NYN000201758","npl":"listed"}},{"type":"Feature","id":"IND980794432","geometry":{"type":"Point","coordinates":[-87.429,41.5934]},"properties":{"id":"IND980794432","npl":"cleaning"}},{"type":"Feature","id":"INN000510667","geometry":{"type":"Point","coordinates":[-85.833834,41.590439]},"properties":{"id":"INN000510667","npl":"listed"}},{"type":"Feature","id":"IND980615421","geometry":{"type":"Point","coordinates":[-87.4284,41.5895]},"properties":{"id":"IND980615421","npl":"cleaning"}},{"type":"Feature","id":"OHD980794614","geometry":{"type":"Point","coordinates":[-80.729161,41.584719]},"properties":{"id":"OHD980794614","npl":"cleaning"}},{"type":"Feature","id":"CTD980670806","geometry":{"type":"Point","coordinates":[-72.881939,41.579169]},"properties":{"id":"CTD980670806","npl":"verified"}},{"type":"Feature","id":"IA0001610963","geometry":{"type":"Point","coordinates":[-93.702222,41.578333]},"properties":{"id":"IA0001610963","npl":"cleaning"}},{"type":"Feature","id":"IAD980687933","geometry":{"type":"Point","coordinates":[-93.636,41.5781]},"properties":{"id":"IAD980687933","npl":"cleaning"}},{"type":"Feature","id":"CTD980669261","geometry":{"type":"Point","coordinates":[-72.9986,41.5748]},"properties":{"id":"CTD980669261","npl":"verified"}},{"type":"Feature","id":"IND980500524","geometry":{"type":"Point","coordinates":[-87.382231,41.570839]},"properties":{"id":"IND980500524","npl":"cleaning"}},{"type":"Feature","id":"IAN000705485","geometry":{"type":"Point","coordinates":[-93.650283,41.566594]},"properties":{"id":"IAN000705485","npl":"listed"}},{"type":"Feature","id":"RI6170085470","geometry":{"type":"Point","coordinates":[-71.293469,41.56445]},"properties":{"id":"RI6170085470","npl":"listed"}},{"type":"Feature","id":"CTD981067317","geometry":{"type":"Point","coordinates":[-72.910833,41.5575]},"properties":{"id":"CTD981067317","npl":"verified"}},{"type":"Feature","id":"CT0002265551","geometry":{"type":"Point","coordinates":[-73.010639,41.550389]},"properties":{"id":"CT0002265551","npl":"listed"}},{"type":"Feature","id":"IND005480462","geometry":{"type":"Point","coordinates":[-86.899306,41.546528]},"properties":{"id":"IND005480462","npl":"listed"}},{"type":"Feature","id":"NYSFN0204269","geometry":{"type":"Point","coordinates":[-73.792222,41.526111]},"properties":{"id":"NYSFN0204269","npl":"cleaning"}},{"type":"Feature","id":"IND016360265","geometry":{"type":"Point","coordinates":[-87.4191,41.5142]},"properties":{"id":"IND016360265","npl":"cleaning"}},{"type":"Feature","id":"IND074315896","geometry":{"type":"Point","coordinates":[-86.6709,41.5081]},"properties":{"id":"IND074315896","npl":"cleaning"}},{"type":"Feature","id":"NY0002455756","geometry":{"type":"Point","coordinates":[-74.005639,41.498028]},"properties":{"id":"NY0002455756","npl":"verified"}},{"type":"Feature","id":"RID981063993","geometry":{"type":"Point","coordinates":[-71.535278,41.496667]},"properties":{"id":"RID981063993","npl":"cleaning"}},{"type":"Feature","id":"PAD075993378","geometry":{"type":"Point","coordinates":[-75.662781,41.491939]},"properties":{"id":"PAD075993378","npl":"verified"}},{"type":"Feature","id":"OHD980614549","geometry":{"type":"Point","coordinates":[-81.725031,41.490361]},"properties":{"id":"OHD980614549","npl":"verified"}},{"type":"Feature","id":"CTD001452093","geometry":{"type":"Point","coordinates":[-72.681388,41.48111]},"properties":{"id":"CTD001452093","npl":"listed"}},{"type":"Feature","id":"CTD980521165","geometry":{"type":"Point","coordinates":[-73.071661,41.476939]},"properties":{"id":"CTD980521165","npl":"cleaning"}},{"type":"Feature","id":"RID980521025","geometry":{"type":"Point","coordinates":[-71.491669,41.470831]},"properties":{"id":"RID980521025","npl":"cleaning"}},{"type":"Feature","id":"NYD000511451","geometry":{"type":"Point","coordinates":[-74.2447,41.4643]},"properties":{"id":"NYD000511451","npl":"cleaning"}},{"type":"Feature","id":"NYD982531469","geometry":{"type":"Point","coordinates":[-73.715285,41.457972]},"properties":{"id":"NYD982531469","npl":"listed"}},{"type":"Feature","id":"ILD002994259","geometry":{"type":"Point","coordinates":[-88.172781,41.441669]},"properties":{"id":"ILD002994259","npl":"listed"}},{"type":"Feature","id":"CAD000625731","geometry":{"type":"Point","coordinates":[-122.3707,41.4364]},"properties":{"id":"CAD000625731","npl":"cleaning"}},{"type":"Feature","id":"CTD072122062","geometry":{"type":"Point","coordinates":[-73.035281,41.43195]},"properties":{"id":"CTD072122062","npl":"cleaning"}},{"type":"Feature","id":"NED981713837","geometry":{"type":"Point","coordinates":[-97.362219,41.426561]},"properties":{"id":"NED981713837","npl":"cleaning"}},{"type":"Feature","id":"NYD010959757","geometry":{"type":"Point","coordinates":[-73.954719,41.416111]},"properties":{"id":"NYD010959757","npl":"verified"}},{"type":"Feature","id":"PAD980693907","geometry":{"type":"Point","coordinates":[-75.718331,41.407219]},"properties":{"id":"PAD980693907","npl":"verified"}},{"type":"Feature","id":"IAD039954300","geometry":{"type":"Point","coordinates":[-94.995764,41.403717]},"properties":{"id":"IAD039954300","npl":"cleaning"}},{"type":"Feature","id":"NYD980652275","geometry":{"type":"Point","coordinates":[-73.6,41.401669]},"properties":{"id":"NYD980652275","npl":"cleaning"}},{"type":"Feature","id":"CTD980906515","geometry":{"type":"Point","coordinates":[-72.087081,41.400139]},"properties":{"id":"CTD980906515","npl":"listed"}},{"type":"Feature","id":"NYD010968014","geometry":{"type":"Point","coordinates":[-74.6681,41.3942]},"properties":{"id":"NYD010968014","npl":"cleaning"}},{"type":"Feature","id":"IL7213820460","geometry":{"type":"Point","coordinates":[-88.1563,41.3762]},"properties":{"id":"IL7213820460","npl":"cleaning"}},{"type":"Feature","id":"PAD980508667","geometry":{"type":"Point","coordinates":[-75.755281,41.37305]},"properties":{"id":"PAD980508667","npl":"verified"}},{"type":"Feature","id":"IL0210090049","geometry":{"type":"Point","coordinates":[-88.0772,41.3662]},"properties":{"id":"IL0210090049","npl":"cleaning"}},{"type":"Feature","id":"PAD980712731","geometry":{"type":"Point","coordinates":[-75.740689,41.357531]},"properties":{"id":"PAD980712731","npl":"verified"}},{"type":"Feature","id":"OHD980903447","geometry":{"type":"Point","coordinates":[-82.117839,41.356189]},"properties":{"id":"OHD980903447","npl":"verified"}},{"type":"Feature","id":"ILD980794333","geometry":{"type":"Point","coordinates":[-89.0975,41.354169]},"properties":{"id":"ILD980794333","npl":"cleaning"}},{"type":"Feature","id":"ILD980606750","geometry":{"type":"Point","coordinates":[-88.836111,41.351667]},"properties":{"id":"ILD980606750","npl":"listed"}},{"type":"Feature","id":"IL0000064782","geometry":{"type":"Point","coordinates":[-89.083067,41.34215]},"properties":{"id":"IL0000064782","npl":"listed"}},{"type":"Feature","id":"NEN000704272","geometry":{"type":"Point","coordinates":[-96.367333,41.329092]},"properties":{"id":"NEN000704272","npl":"listed"}},{"type":"Feature","id":"ILD062340641","geometry":{"type":"Point","coordinates":[-89.304167,41.327778]},"properties":{"id":"ILD062340641","npl":"listed"}},{"type":"Feature","id":"PAD980508451","geometry":{"type":"Point","coordinates":[-75.7899,41.3268]},"properties":{"id":"PAD980508451","npl":"verified"}},{"type":"Feature","id":"WYD061112470","geometry":{"type":"Point","coordinates":[-105.6017,41.295]},"properties":{"id":"WYD061112470","npl":"verified"}},{"type":"Feature","id":"NED981713829","geometry":{"type":"Point","coordinates":[-96.959722,41.284722]},"properties":{"id":"NED981713829","npl":"cleaning"}},{"type":"Feature","id":"NYD001394881","geometry":{"type":"Point","coordinates":[-73.8704,41.2745]},"properties":{"id":"NYD001394881","npl":"listed"}},{"type":"Feature","id":"NESFN0703481","geometry":{"type":"Point","coordinates":[-95.929722,41.267778]},"properties":{"id":"NESFN0703481","npl":"listed"}},{"type":"Feature","id":"UT9210020922","geometry":{"type":"Point","coordinates":[-112,41.266669]},"properties":{"id":"UT9210020922","npl":"cleaning"}},{"type":"Feature","id":"PAD000439083","geometry":{"type":"Point","coordinates":[-80.4875,41.266669]},"properties":{"id":"PAD000439083","npl":"verified"}},{"type":"Feature","id":"NYD980780795","geometry":{"type":"Point","coordinates":[-73.682911,41.259169]},"properties":{"id":"NYD980780795","npl":"verified"}},{"type":"Feature","id":"PAD003053709","geometry":{"type":"Point","coordinates":[-77.041111,41.244031]},"properties":{"id":"PAD003053709","npl":"cleaning"}},{"type":"Feature","id":"PAD005000575","geometry":{"type":"Point","coordinates":[-80.5058,41.2434]},"properties":{"id":"PAD005000575","npl":"cleaning"}},{"type":"Feature","id":"NYD980506679","geometry":{"type":"Point","coordinates":[-74.27,41.238889]},"properties":{"id":"NYD980506679","npl":"verified"}},{"type":"Feature","id":"CTD001186618","geometry":{"type":"Point","coordinates":[-73.117222,41.201278]},"properties":{"id":"CTD001186618","npl":"listed"}},{"type":"Feature","id":"PAD001933175","geometry":{"type":"Point","coordinates":[-80.510278,41.198611]},"properties":{"id":"PAD001933175","npl":"listed"}},{"type":"Feature","id":"PA5213820892","geometry":{"type":"Point","coordinates":[-75.419439,41.19305]},"properties":{"id":"PA5213820892","npl":"cleaning"}},{"type":"Feature","id":"NE6211890011","geometry":{"type":"Point","coordinates":[-96.453331,41.176669]},"properties":{"id":"NE6211890011","npl":"listed"}},{"type":"Feature","id":"PAD980712673","geometry":{"type":"Point","coordinates":[-80.058331,41.161111]},"properties":{"id":"PAD980712673","npl":"cleaning"}},{"type":"Feature","id":"WY5571924179","geometry":{"type":"Point","coordinates":[-104.8622,41.156669]},"properties":{"id":"WY5571924179","npl":"listed"}},{"type":"Feature","id":"IND048989479","geometry":{"type":"Point","coordinates":[-85.476111,41.1525]},"properties":{"id":"IND048989479","npl":"cleaning"}},{"type":"Feature","id":"IND064703200","geometry":{"type":"Point","coordinates":[-85.917219,41.1475]},"properties":{"id":"IND064703200","npl":"cleaning"}},{"type":"Feature","id":"IAD042581256","geometry":{"type":"Point","coordinates":[-95.813331,41.143331]},"properties":{"id":"IAD042581256","npl":"verified"}},{"type":"Feature","id":"NYD000511493","geometry":{"type":"Point","coordinates":[-74.161389,41.14]},"properties":{"id":"NYD000511493","npl":"cleaning"}},{"type":"Feature","id":"PAD001222025","geometry":{"type":"Point","coordinates":[-78.801944,41.139167]},"properties":{"id":"PAD001222025","npl":"listed"}},{"type":"Feature","id":"NEN000710226","geometry":{"type":"Point","coordinates":[-95.894082,41.137721]},"properties":{"id":"NEN000710226","npl":"listed"}},{"type":"Feature","id":"NJD980529739","geometry":{"type":"Point","coordinates":[-74.2725,41.136669]},"properties":{"id":"NJD980529739","npl":"verified"}},{"type":"Feature","id":"PAD003031788","geometry":{"type":"Point","coordinates":[-75.878056,41.133056]},"properties":{"id":"PAD003031788","npl":"proposed"}},{"type":"Feature","id":"CTD980670814","geometry":{"type":"Point","coordinates":[-73.43195,41.13055]},"properties":{"id":"CTD980670814","npl":"cleaning"}},{"type":"Feature","id":"PAD003058047","geometry":{"type":"Point","coordinates":[-77.443611,41.129169]},"properties":{"id":"PAD003058047","npl":"cleaning"}},{"type":"Feature","id":"UT0571724350","geometry":{"type":"Point","coordinates":[-111.955,41.128331]},"properties":{"id":"UT0571724350","npl":"listed"}},{"type":"Feature","id":"NED986369247","geometry":{"type":"Point","coordinates":[-101.736111,41.123889]},"properties":{"id":"NED986369247","npl":"cleaning"}},{"type":"Feature","id":"NYD980780878","geometry":{"type":"Point","coordinates":[-74.159,41.1162]},"properties":{"id":"NYD980780878","npl":"verified"}},{"type":"Feature","id":"PAD981034630","geometry":{"type":"Point","coordinates":[-75.3825,41.1105]},"properties":{"id":"PAD981034630","npl":"verified"}},{"type":"Feature","id":"CAD980638225","geometry":{"type":"Point","coordinates":[-123.686,41.109972]},"properties":{"id":"CAD980638225","npl":"listed"}},{"type":"Feature","id":"NJD002517472","geometry":{"type":"Point","coordinates":[-74.599719,41.109719]},"properties":{"id":"NJD002517472","npl":"cleaning"}},{"type":"Feature","id":"CAD980638860","geometry":{"type":"Point","coordinates":[-123.6911,41.1027]},"properties":{"id":"CAD980638860","npl":"verified"}},{"type":"Feature","id":"OH0000563122","geometry":{"type":"Point","coordinates":[-81.617472,41.092839]},"properties":{"id":"OH0000563122","npl":"listed"}},{"type":"Feature","id":"ILD980792303","geometry":{"type":"Point","coordinates":[-87.5893,41.0909]},"properties":{"id":"ILD980792303","npl":"cleaning"}},{"type":"Feature","id":"IND980679542","geometry":{"type":"Point","coordinates":[-85.066669,41.075]},"properties":{"id":"IND980679542","npl":"cleaning"}},{"type":"Feature","id":"PAD980712855","geometry":{"type":"Point","coordinates":[-79.725,41.051111]},"properties":{"id":"PAD980712855","npl":"verified"}},{"type":"Feature","id":"NJD030253355","geometry":{"type":"Point","coordinates":[-74.63,41.04805]},"properties":{"id":"NJD030253355","npl":"cleaning"}},{"type":"Feature","id":"PAD980508527","geometry":{"type":"Point","coordinates":[-79.6825,41.0446]},"properties":{"id":"PAD980508527","npl":"verified"}},{"type":"Feature","id":"IAD980632509","geometry":{"type":"Point","coordinates":[-95.249111,41.036444]},"properties":{"id":"IAD980632509","npl":"verified"}},{"type":"Feature","id":"PAD981034705","geometry":{"type":"Point","coordinates":[-75.3438,41.0335]},"properties":{"id":"PAD981034705","npl":"cleaning"}},{"type":"Feature","id":"PAD021449244","geometry":{"type":"Point","coordinates":[-75.841669,41.031389]},"properties":{"id":"PAD021449244","npl":"verified"}},{"type":"Feature","id":"OHD980609994","geometry":{"type":"Point","coordinates":[-81.0971,41.024]},"properties":{"id":"OHD980609994","npl":"cleaning"}},{"type":"Feature","id":"PAD987295276","geometry":{"type":"Point","coordinates":[-76.376389,41.015278]},"properties":{"id":"PAD987295276","npl":"listed"}},{"type":"Feature","id":"IAD981124167","geometry":{"type":"Point","coordinates":[-91.9724,41.0062]},"properties":{"id":"IAD981124167","npl":"cleaning"}},{"type":"Feature","id":"NJD045653854","geometry":{"type":"Point","coordinates":[-74.24375,41.00375]},"properties":{"id":"NJD045653854","npl":"verified"}},{"type":"Feature","id":"IAD005291182","geometry":{"type":"Point","coordinates":[-92.409719,41.0025]},"properties":{"id":"IAD005291182","npl":"verified"}},{"type":"Feature","id":"PAD980691372","geometry":{"type":"Point","coordinates":[-76.641669,40.99]},"properties":{"id":"PAD980691372","npl":"cleaning"}},{"type":"Feature","id":"PAD980691760","geometry":{"type":"Point","coordinates":[-75.186669,40.989719]},"properties":{"id":"PAD980691760","npl":"verified"}},{"type":"Feature","id":"NYD981486954","geometry":{"type":"Point","coordinates":[-72.3,40.982781]},"properties":{"id":"NYD981486954","npl":"cleaning"}},{"type":"Feature","id":"NJD047684451","geometry":{"type":"Point","coordinates":[-74.50555,40.970831]},"properties":{"id":"NJD047684451","npl":"listed"}},{"type":"Feature","id":"NJ1891837980","geometry":{"type":"Point","coordinates":[-74.270327,40.969014]},"properties":{"id":"NJ1891837980","npl":"verified"}},{"type":"Feature","id":"OHD000377911","geometry":{"type":"Point","coordinates":[-81.404169,40.968331]},"properties":{"id":"OHD000377911","npl":"cleaning"}},{"type":"Feature","id":"PAD982363970","geometry":{"type":"Point","coordinates":[-76.015556,40.967778]},"properties":{"id":"PAD982363970","npl":"cleaning"}},{"type":"Feature","id":"NJD980654107","geometry":{"type":"Point","coordinates":[-74.131939,40.9375]},"properties":{"id":"NJD980654107","npl":"listed"}},{"type":"Feature","id":"NYD980762520","geometry":{"type":"Point","coordinates":[-72.401389,40.929161]},"properties":{"id":"NYD980762520","npl":"verified"}},{"type":"Feature","id":"NJN000206345","geometry":{"type":"Point","coordinates":[-74.6995999,40.9289443]},"properties":{"id":"NJN000206345","npl":"listed"}},{"type":"Feature","id":"NYD002041531","geometry":{"type":"Point","coordinates":[-73.069194,40.928139]},"properties":{"id":"NYD002041531","npl":"cleaning"}},{"type":"Feature","id":"NED981499312","geometry":{"type":"Point","coordinates":[-98.347778,40.925139]},"properties":{"id":"NED981499312","npl":"cleaning"}},{"type":"Feature","id":"NE2213820234","geometry":{"type":"Point","coordinates":[-98.4925,40.923331]},"properties":{"id":"NE2213820234","npl":"listed"}},{"type":"Feature","id":"NED980862718","geometry":{"type":"Point","coordinates":[-96.529439,40.917219]},"properties":{"id":"NED980862718","npl":"verified"}},{"type":"Feature","id":"NJ3210020704","geometry":{"type":"Point","coordinates":[-74.583339,40.916669]},"properties":{"id":"NJ3210020704","npl":"listed"}},{"type":"Feature","id":"OHD980610018","geometry":{"type":"Point","coordinates":[-80.891669,40.916669]},"properties":{"id":"OHD980610018","npl":"cleaning"}},{"type":"Feature","id":"UTN000802704","geometry":{"type":"Point","coordinates":[-112.719949,40.914993]},"properties":{"id":"UTN000802704","npl":"listed"}},{"type":"Feature","id":"NJD980654214","geometry":{"type":"Point","coordinates":[-74.499169,40.913331]},"properties":{"id":"NJD980654214","npl":"cleaning"}},{"type":"Feature","id":"NJD980529598","geometry":{"type":"Point","coordinates":[-74.411939,40.912219]},"properties":{"id":"NJD980529598","npl":"verified"}},{"type":"Feature","id":"NJD980654115","geometry":{"type":"Point","coordinates":[-74.515561,40.905831]},"properties":{"id":"NJD980654115","npl":"cleaning"}},{"type":"Feature","id":"NJD002168748","geometry":{"type":"Point","coordinates":[-74.5775,40.903331]},"properties":{"id":"NJD002168748","npl":"listed"}},{"type":"Feature","id":"NJD980529762","geometry":{"type":"Point","coordinates":[-74.0693,40.8964]},"properties":{"id":"NJD980529762","npl":"listed"}},{"type":"Feature","id":"NEN000704456","geometry":{"type":"Point","coordinates":[-98.365,40.895833]},"properties":{"id":"NEN000704456","npl":"cleaning"}},{"type":"Feature","id":"ILD990817991","geometry":{"type":"Point","coordinates":[-90.395839,40.895831]},"properties":{"id":"ILD990817991","npl":"cleaning"}},{"type":"Feature","id":"NJD011717584","geometry":{"type":"Point","coordinates":[-74.1035,40.8907]},"properties":{"id":"NJD011717584","npl":"cleaning"}},{"type":"Feature","id":"NEN000706105","geometry":{"type":"Point","coordinates":[-97.600361,40.888636]},"properties":{"id":"NEN000706105","npl":"listed"}},{"type":"Feature","id":"NY0002318889","geometry":{"type":"Point","coordinates":[-73.174778,40.887806]},"properties":{"id":"NY0002318889","npl":"verified"}},{"type":"Feature","id":"UT0001119296","geometry":{"type":"Point","coordinates":[-111.903889,40.887222]},"properties":{"id":"UT0001119296","npl":"listed"}},{"type":"Feature","id":"NJD980654131","geometry":{"type":"Point","coordinates":[-74.5423,40.8858]},"properties":{"id":"NJD980654131","npl":"cleaning"}},{"type":"Feature","id":"NJD980530596","geometry":{"type":"Point","coordinates":[-74.713331,40.881939]},"properties":{"id":"NJD980530596","npl":"verified"}},{"type":"Feature","id":"UT0001277359","geometry":{"type":"Point","coordinates":[-111.889444,40.879444]},"properties":{"id":"UT0001277359","npl":"verified"}},{"type":"Feature","id":"NJD002164796","geometry":{"type":"Point","coordinates":[-74.269155,40.878792]},"properties":{"id":"NJD002164796","npl":"listed"}},{"type":"Feature","id":"PAD980712616","geometry":{"type":"Point","coordinates":[-76.001389,40.878331]},"properties":{"id":"PAD980712616","npl":"verified"}},{"type":"Feature","id":"NJD048798953","geometry":{"type":"Point","coordinates":[-74.271389,40.876389]},"properties":{"id":"NJD048798953","npl":"listed"}},{"type":"Feature","id":"UTN000802654","geometry":{"type":"Point","coordinates":[-111.887028,40.874583]},"properties":{"id":"UTN000802654","npl":"listed"}},{"type":"Feature","id":"NJD980769301","geometry":{"type":"Point","coordinates":[-74.093611,40.872919]},"properties":{"id":"NJD980769301","npl":"verified"}},{"type":"Feature","id":"NJN000206317","geometry":{"type":"Point","coordinates":[-74.106431,40.871858]},"properties":{"id":"NJN000206317","npl":"listed"}},{"type":"Feature","id":"NYD986882660","geometry":{"type":"Point","coordinates":[-73.640773,40.860929]},"properties":{"id":"NYD986882660","npl":"cleaning"}},{"type":"Feature","id":"NYD000512459","geometry":{"type":"Point","coordinates":[-73.6432,40.8608]},"properties":{"id":"NYD000512459","npl":"cleaning"}},{"type":"Feature","id":"NY7890008975","geometry":{"type":"Point","coordinates":[-72.869583,40.86]},"properties":{"id":"NY7890008975","npl":"listed"}},{"type":"Feature","id":"NEN000706200","geometry":{"type":"Point","coordinates":[-97.580614,40.859594]},"properties":{"id":"NEN000706200","npl":"listed"}},{"type":"Feature","id":"NJD981178411","geometry":{"type":"Point","coordinates":[-74.0991,40.8536]},"properties":{"id":"NJD981178411","npl":"verified"}},{"type":"Feature","id":"PAD073613663","geometry":{"type":"Point","coordinates":[-75.881111,40.850561]},"properties":{"id":"PAD073613663","npl":"cleaning"}},{"type":"Feature","id":"NJD980505762","geometry":{"type":"Point","coordinates":[-74.3454,40.8501]},"properties":{"id":"NJD980505762","npl":"cleaning"}},{"type":"Feature","id":"NJD980529879","geometry":{"type":"Point","coordinates":[-74.079439,40.84]},"properties":{"id":"NJD980529879","npl":"listed"}},{"type":"Feature","id":"NJD002005106","geometry":{"type":"Point","coordinates":[-74.088889,40.83]},"properties":{"id":"NJD002005106","npl":"listed"}},{"type":"Feature","id":"PAD980830533","geometry":{"type":"Point","coordinates":[-75.9975,40.829439]},"properties":{"id":"PAD980830533","npl":"cleaning"}},{"type":"Feature","id":"NJD070565403","geometry":{"type":"Point","coordinates":[-74.074329,40.82454]},"properties":{"id":"NJD070565403","npl":"listed"}},{"type":"Feature","id":"PAD000436261","geometry":{"type":"Point","coordinates":[-77.808331,40.823611]},"properties":{"id":"PAD000436261","npl":"cleaning"}},{"type":"Feature","id":"NYD980535652","geometry":{"type":"Point","coordinates":[-73.646693,40.823054]},"properties":{"id":"NYD980535652","npl":"cleaning"}},{"type":"Feature","id":"NYD980654206","geometry":{"type":"Point","coordinates":[-73.666661,40.81805]},"properties":{"id":"NYD980654206","npl":"cleaning"}},{"type":"Feature","id":"NYD980506901","geometry":{"type":"Point","coordinates":[-73.1829,40.8178]},"properties":{"id":"NYD980506901","npl":"cleaning"}},{"type":"Feature","id":"NYD125499673","geometry":{"type":"Point","coordinates":[-73.24611,40.813194]},"properties":{"id":"NYD125499673","npl":"cleaning"}},{"type":"Feature","id":"IA7213820445","geometry":{"type":"Point","coordinates":[-91.246669,40.808331]},"properties":{"id":"IA7213820445","npl":"listed"}},{"type":"Feature","id":"PAD002395887","geometry":{"type":"Point","coordinates":[-75.583339,40.808331]},"properties":{"id":"PAD002395887","npl":"listed"}},{"type":"Feature","id":"NJD000606442","geometry":{"type":"Point","coordinates":[-73.989167,40.804306]},"properties":{"id":"NJD000606442","npl":"listed"}},{"type":"Feature","id":"UTD093119196","geometry":{"type":"Point","coordinates":[-111.916111,40.802778]},"properties":{"id":"UTD093119196","npl":"verified"}},{"type":"Feature","id":"NJN000201845","geometry":{"type":"Point","coordinates":[-74.067175,40.800794]},"properties":{"id":"NJN000201845","npl":"listed"}},{"type":"Feature","id":"UTD980635452","geometry":{"type":"Point","coordinates":[-111.9223,40.8001]},"properties":{"id":"UTD980635452","npl":"verified"}},{"type":"Feature","id":"NYD000511360","geometry":{"type":"Point","coordinates":[-73.509719,40.798889]},"properties":{"id":"NYD000511360","npl":"verified"}},{"type":"Feature","id":"NJD980785653","geometry":{"type":"Point","coordinates":[-74.2257,40.7929]},"properties":{"id":"NJD980785653","npl":"verified"}},{"type":"Feature","id":"NYD980753420","geometry":{"type":"Point","coordinates":[-73.205278,40.788889]},"properties":{"id":"NYD980753420","npl":"cleaning"}},{"type":"Feature","id":"NJD980785646","geometry":{"type":"Point","coordinates":[-74.2125,40.788189]},"properties":{"id":"NJD980785646","npl":"verified"}},{"type":"Feature","id":"NYD980768683","geometry":{"type":"Point","coordinates":[-73.110281,40.783331]},"properties":{"id":"NYD980768683","npl":"verified"}},{"type":"Feature","id":"NYD047650197","geometry":{"type":"Point","coordinates":[-73.734139,40.782361]},"properties":{"id":"NYD047650197","npl":"cleaning"}},{"type":"Feature","id":"NJD980654172","geometry":{"type":"Point","coordinates":[-74.228611,40.781389]},"properties":{"id":"NJD980654172","npl":"cleaning"}},{"type":"Feature","id":"NJD002148799","geometry":{"type":"Point","coordinates":[-74.225267,40.779936]},"properties":{"id":"NJD002148799","npl":"listed"}},{"type":"Feature","id":"PAD982366957","geometry":{"type":"Point","coordinates":[-76.221667,40.775]},"properties":{"id":"PAD982366957","npl":"verified"}},{"type":"Feature","id":"NYD980768717","geometry":{"type":"Point","coordinates":[-73.0647,40.7745]},"properties":{"id":"NYD980768717","npl":"cleaning"}},{"type":"Feature","id":"NJD094966611","geometry":{"type":"Point","coordinates":[-74.738331,40.771669]},"properties":{"id":"NJD094966611","npl":"listed"}},{"type":"Feature","id":"UTD980667240","geometry":{"type":"Point","coordinates":[-111.9055,40.7704]},"properties":{"id":"UTD980667240","npl":"cleaning"}},{"type":"Feature","id":"NYD001485226","geometry":{"type":"Point","coordinates":[-73.546389,40.766389]},"properties":{"id":"NYD001485226","npl":"verified"}},{"type":"Feature","id":"NJSFN0204232","geometry":{"type":"Point","coordinates":[-74.159084,40.765722]},"properties":{"id":"NJSFN0204232","npl":"listed"}},{"type":"Feature","id":"NYD001533165","geometry":{"type":"Point","coordinates":[-73.318491,40.760002]},"properties":{"id":"NYD001533165","npl":"verified"}},{"type":"Feature","id":"NYD001667872","geometry":{"type":"Point","coordinates":[-73.9025,40.76]},"properties":{"id":"NYD001667872","npl":"verified"}},{"type":"Feature","id":"NYD002044584","geometry":{"type":"Point","coordinates":[-73.4432,40.7576]},"properties":{"id":"NYD002044584","npl":"cleaning"}},{"type":"Feature","id":"NYD002920312","geometry":{"type":"Point","coordinates":[-73.504169,40.7575]},"properties":{"id":"NYD002920312","npl":"cleaning"}},{"type":"Feature","id":"NYD980531727","geometry":{"type":"Point","coordinates":[-73.447219,40.756939]},"properties":{"id":"NYD980531727","npl":"cleaning"}},{"type":"Feature","id":"UTD981548985","geometry":{"type":"Point","coordinates":[-111.848022,40.753938]},"properties":{"id":"UTD981548985","npl":"listed"}},{"type":"Feature","id":"NYD002059517","geometry":{"type":"Point","coordinates":[-73.4077,40.7538]},"properties":{"id":"NYD002059517","npl":"verified"}},{"type":"Feature","id":"NY0001095363","geometry":{"type":"Point","coordinates":[-73.559781,40.752446]},"properties":{"id":"NY0001095363","npl":"listed"}},{"type":"Feature","id":"NJD981179047","geometry":{"type":"Point","coordinates":[-75,40.75]},"properties":{"id":"NJD981179047","npl":"cleaning"}},{"type":"Feature","id":"NJD002175057","geometry":{"type":"Point","coordinates":[-74.097222,40.75]},"properties":{"id":"NJD002175057","npl":"cleaning"}},{"type":"Feature","id":"UTD070926811","geometry":{"type":"Point","coordinates":[-112.125,40.75]},"properties":{"id":"UTD070926811","npl":"proposed"}},{"type":"Feature","id":"NYD981184229","geometry":{"type":"Point","coordinates":[-73.4195,40.7495]},"properties":{"id":"NYD981184229","npl":"cleaning"}},{"type":"Feature","id":"UTD980718670","geometry":{"type":"Point","coordinates":[-111.9436,40.7474]},"properties":{"id":"UTD980718670","npl":"cleaning"}},{"type":"Feature","id":"NJD092226000","geometry":{"type":"Point","coordinates":[-74.132194,40.747222]},"properties":{"id":"NJD092226000","npl":"listed"}},{"type":"Feature","id":"NJ0001327733","geometry":{"type":"Point","coordinates":[-74.034444,40.746111]},"properties":{"id":"NJ0001327733","npl":"verified"}},{"type":"Feature","id":"OHD004179339","geometry":{"type":"Point","coordinates":[-81.09,40.745]},"properties":{"id":"OHD004179339","npl":"cleaning"}},{"type":"Feature","id":"INN000510272","geometry":{"type":"Point","coordinates":[-86.3803,40.7432]},"properties":{"id":"INN000510272","npl":"listed"}},{"type":"Feature","id":"NJD980528996","geometry":{"type":"Point","coordinates":[-74.136111,40.739719]},"properties":{"id":"NJD980528996","npl":"listed"}},{"type":"Feature","id":"NYD001344456","geometry":{"type":"Point","coordinates":[-73.652694,40.738806]},"properties":{"id":"NYD001344456","npl":"verified"}},{"type":"Feature","id":"NYD075784165","geometry":{"type":"Point","coordinates":[-73.4264,40.7384]},"properties":{"id":"NYD075784165","npl":"verified"}},{"type":"Feature","id":"NJD064263817","geometry":{"type":"Point","coordinates":[-74.114719,40.737781]},"properties":{"id":"NJD064263817","npl":"cleaning"}},{"type":"Feature","id":"NY0000110247","geometry":{"type":"Point","coordinates":[-73.657844,40.737337]},"properties":{"id":"NY0000110247","npl":"listed"}},{"type":"Feature","id":"NJD980505648","geometry":{"type":"Point","coordinates":[-74.085561,40.734719]},"properties":{"id":"NJD980505648","npl":"cleaning"}},{"type":"Feature","id":"CAN000908808","geometry":{"type":"Point","coordinates":[-122.072396,40.734547]},"properties":{"id":"CAN000908808","npl":"listed"}},{"type":"Feature","id":"NYSFN0204234","geometry":{"type":"Point","coordinates":[-73.618472,40.733611]},"properties":{"id":"NYSFN0204234","npl":"listed"}},{"type":"Feature","id":"NJD980505192","geometry":{"type":"Point","coordinates":[-74.447861,40.729528]},"properties":{"id":"NJD980505192","npl":"listed"}},{"type":"Feature","id":"NYD991292004","geometry":{"type":"Point","coordinates":[-73.612219,40.729169]},"properties":{"id":"NYD991292004","npl":"verified"}},{"type":"Feature","id":"NYD000337295","geometry":{"type":"Point","coordinates":[-73.448889,40.72625]},"properties":{"id":"NYD000337295","npl":"cleaning"}},{"type":"Feature","id":"NYN000203407","geometry":{"type":"Point","coordinates":[-73.935904,40.725409]},"properties":{"id":"NYN000203407","npl":"listed"}},{"type":"Feature","id":"UTD000716399","geometry":{"type":"Point","coordinates":[-111.8747,40.7226]},"properties":{"id":"UTD000716399","npl":"cleaning"}},{"type":"Feature","id":"NJD002144517","geometry":{"type":"Point","coordinates":[-74.1452,40.7163]},"properties":{"id":"NJD002144517","npl":"listed"}},{"type":"Feature","id":"NYD980768774","geometry":{"type":"Point","coordinates":[-73.4253,40.7158]},"properties":{"id":"NYD980768774","npl":"cleaning"}},{"type":"Feature","id":"NYD002050110","geometry":{"type":"Point","coordinates":[-73.6777,40.7153]},"properties":{"id":"NYD002050110","npl":"cleaning"}},{"type":"Feature","id":"NYN000206282","geometry":{"type":"Point","coordinates":[-73.930762,40.715192]},"properties":{"id":"NYN000206282","npl":"listed"}},{"type":"Feature","id":"NJD980755623","geometry":{"type":"Point","coordinates":[-74.198242,40.698484]},"properties":{"id":"NJD980755623","npl":"listed"}},{"type":"Feature","id":"NYC200400810","geometry":{"type":"Point","coordinates":[-73.901997,40.692672]},"properties":{"id":"NYC200400810","npl":"listed"}},{"type":"Feature","id":"NYD072366453","geometry":{"type":"Point","coordinates":[-73.406111,40.684439]},"properties":{"id":"NYD072366453","npl":"verified"}},{"type":"Feature","id":"NYN000206222","geometry":{"type":"Point","coordinates":[-73.987333,40.681639]},"properties":{"id":"NYN000206222","npl":"listed"}},{"type":"Feature","id":"UTD980952840","geometry":{"type":"Point","coordinates":[-111.444444,40.680556]},"properties":{"id":"UTD980952840","npl":"proposed"}},{"type":"Feature","id":"PAD980508618","geometry":{"type":"Point","coordinates":[-79.749439,40.677219]},"properties":{"id":"PAD980508618","npl":"verified"}},{"type":"Feature","id":"NJD980654149","geometry":{"type":"Point","coordinates":[-74.525561,40.6725]},"properties":{"id":"NJD980654149","npl":"verified"}},{"type":"Feature","id":"CAD980498612","geometry":{"type":"Point","coordinates":[-122.5278,40.671669]},"properties":{"id":"CAD980498612","npl":"listed"}},{"type":"Feature","id":"PAD980537716","geometry":{"type":"Point","coordinates":[-75.5625,40.670831]},"properties":{"id":"PAD980537716","npl":"cleaning"}},{"type":"Feature","id":"PAD980508493","geometry":{"type":"Point","coordinates":[-75.228611,40.665831]},"properties":{"id":"PAD980508493","npl":"cleaning"}},{"type":"Feature","id":"UTD980951420","geometry":{"type":"Point","coordinates":[-111.891111,40.658333]},"properties":{"id":"UTD980951420","npl":"proposed"}},{"type":"Feature","id":"IAD980685804","geometry":{"type":"Point","coordinates":[-91.434719,40.655831]},"properties":{"id":"IAD980685804","npl":"verified"}},{"type":"Feature","id":"NJD000607481","geometry":{"type":"Point","coordinates":[-74.1935,40.6432]},"properties":{"id":"NJD000607481","npl":"cleaning"}},{"type":"Feature","id":"NYN000204407","geometry":{"type":"Point","coordinates":[-73.706417,40.642806]},"properties":{"id":"NYN000204407","npl":"listed"}},{"type":"Feature","id":"PAD980829493","geometry":{"type":"Point","coordinates":[-77.475281,40.641531]},"properties":{"id":"PAD980829493","npl":"cleaning"}},{"type":"Feature","id":"PAD079160842","geometry":{"type":"Point","coordinates":[-75.5611,40.6332]},"properties":{"id":"PAD079160842","npl":"cleaning"}},{"type":"Feature","id":"PAD980712798","geometry":{"type":"Point","coordinates":[-79.7155,40.6257]},"properties":{"id":"PAD980712798","npl":"cleaning"}},{"type":"Feature","id":"UTD081834277","geometry":{"type":"Point","coordinates":[-111.9172,40.618331]},"properties":{"id":"UTD081834277","npl":"verified"}},{"type":"Feature","id":"UTD980951388","geometry":{"type":"Point","coordinates":[-111.9142,40.608061]},"properties":{"id":"UTD980951388","npl":"verified"}},{"type":"Feature","id":"NJD079303020","geometry":{"type":"Point","coordinates":[-74.210278,40.6075]},"properties":{"id":"NJD079303020","npl":"listed"}},{"type":"Feature","id":"PAD002390748","geometry":{"type":"Point","coordinates":[-75.340947,40.595417]},"properties":{"id":"PAD002390748","npl":"cleaning"}},{"type":"Feature","id":"NJD980654198","geometry":{"type":"Point","coordinates":[-74.9404,40.595]},"properties":{"id":"NJD980654198","npl":"cleaning"}},{"type":"Feature","id":"OHN000509950","geometry":{"type":"Point","coordinates":[-83.183461,40.593061]},"properties":{"id":"OHN000509950","npl":"listed"}},{"type":"Feature","id":"NED980862668","geometry":{"type":"Point","coordinates":[-98.383331,40.583331]},"properties":{"id":"NED980862668","npl":"listed"}},{"type":"Feature","id":"PAD980829261","geometry":{"type":"Point","coordinates":[-75.6564,40.5794]},"properties":{"id":"PAD980829261","npl":"verified"}},{"type":"Feature","id":"PAD980829329","geometry":{"type":"Point","coordinates":[-75.667781,40.576669]},"properties":{"id":"PAD980829329","npl":"verified"}},{"type":"Feature","id":"NJD981557879","geometry":{"type":"Point","coordinates":[-74.414167,40.576389]},"properties":{"id":"NJD981557879","npl":"listed"}},{"type":"Feature","id":"UTD988075719","geometry":{"type":"Point","coordinates":[-111.791944,40.573611]},"properties":{"id":"UTD988075719","npl":"verified"}},{"type":"Feature","id":"NEN000704738","geometry":{"type":"Point","coordinates":[-98.4095,40.5712]},"properties":{"id":"NEN000704738","npl":"listed"}},{"type":"Feature","id":"NJ0890090012","geometry":{"type":"Point","coordinates":[-74.493194,40.569806]},"properties":{"id":"NJ0890090012","npl":"listed"}},{"type":"Feature","id":"NEN000704351","geometry":{"type":"Point","coordinates":[-98.415556,40.563611]},"properties":{"id":"NEN000704351","npl":"listed"}},{"type":"Feature","id":"NJD980528889","geometry":{"type":"Point","coordinates":[-74.443339,40.5625]},"properties":{"id":"NJD980528889","npl":"listed"}},{"type":"Feature","id":"NJD057143984","geometry":{"type":"Point","coordinates":[-75.089842,40.561758]},"properties":{"id":"NJD057143984","npl":"listed"}},{"type":"Feature","id":"NJSFN0204260","geometry":{"type":"Point","coordinates":[-74.402914,40.561564]},"properties":{"id":"NJSFN0204260","npl":"listed"}},{"type":"Feature","id":"NJD078251675","geometry":{"type":"Point","coordinates":[-74.536111,40.560139]},"properties":{"id":"NJD078251675","npl":"cleaning"}},{"type":"Feature","id":"NJD002173276","geometry":{"type":"Point","coordinates":[-74.55945,40.555561]},"properties":{"id":"NJD002173276","npl":"listed"}},{"type":"Feature","id":"PAD981038052","geometry":{"type":"Point","coordinates":[-78.35445,40.553611]},"properties":{"id":"PAD981038052","npl":"cleaning"}},{"type":"Feature","id":"UTD093120921","geometry":{"type":"Point","coordinates":[-112.227222,40.552778]},"properties":{"id":"UTD093120921","npl":"verified"}},{"type":"Feature","id":"NJN000204492","geometry":{"type":"Point","coordinates":[-75.078917,40.552028]},"properties":{"id":"NJN000204492","npl":"verified"}},{"type":"Feature","id":"PAN000305679","geometry":{"type":"Point","coordinates":[-75.980228,40.549507]},"properties":{"id":"PAN000305679","npl":"listed"}},{"type":"Feature","id":"PAD980692719","geometry":{"type":"Point","coordinates":[-75.4475,40.547]},"properties":{"id":"PAD980692719","npl":"verified"}},{"type":"Feature","id":"PAD047726161","geometry":{"type":"Point","coordinates":[-75.125,40.545831]},"properties":{"id":"PAD047726161","npl":"cleaning"}},{"type":"Feature","id":"NJ0001900281","geometry":{"type":"Point","coordinates":[-74.584167,40.544444]},"properties":{"id":"NJ0001900281","npl":"verified"}},{"type":"Feature","id":"UT3213820894","geometry":{"type":"Point","coordinates":[-112.375,40.541669]},"properties":{"id":"UT3213820894","npl":"listed"}},{"type":"Feature","id":"OHD004210563","geometry":{"type":"Point","coordinates":[-81.494444,40.539823]},"properties":{"id":"OHD004210563","npl":"proposed"}},{"type":"Feature","id":"IND980794366","geometry":{"type":"Point","coordinates":[-85.633061,40.537781]},"properties":{"id":"IND980794366","npl":"cleaning"}},{"type":"Feature","id":"PAD981033285","geometry":{"type":"Point","coordinates":[-75.493333,40.531111]},"properties":{"id":"PAD981033285","npl":"cleaning"}},{"type":"Feature","id":"PAD980508832","geometry":{"type":"Point","coordinates":[-75.654169,40.527781]},"properties":{"id":"PAD980508832","npl":"verified"}},{"type":"Feature","id":"NJD980484653","geometry":{"type":"Point","coordinates":[-74.368,40.5274]},"properties":{"id":"NJD980484653","npl":"cleaning"}},{"type":"Feature","id":"NJD070415005","geometry":{"type":"Point","coordinates":[-74.358889,40.519628]},"properties":{"id":"NJD070415005","npl":"verified"}},{"type":"Feature","id":"PAD980831812","geometry":{"type":"Point","coordinates":[-76.001389,40.519439]},"properties":{"id":"PAD980831812","npl":"cleaning"}},{"type":"Feature","id":"PAD980508816","geometry":{"type":"Point","coordinates":[-80.1525,40.518611]},"properties":{"id":"PAD980508816","npl":"cleaning"}},{"type":"Feature","id":"OHD980610042","geometry":{"type":"Point","coordinates":[-81.479,40.5175]},"properties":{"id":"OHD980610042","npl":"cleaning"}},{"type":"Feature","id":"NJD980761373","geometry":{"type":"Point","coordinates":[-75.0614,40.5162]},"properties":{"id":"NJD980761373","npl":"cleaning"}},{"type":"Feature","id":"PAD051395499","geometry":{"type":"Point","coordinates":[-75.168889,40.502781]},"properties":{"id":"PAD051395499","npl":"cleaning"}},{"type":"Feature","id":"PAD089667695","geometry":{"type":"Point","coordinates":[-80.146389,40.501389]},"properties":{"id":"PAD089667695","npl":"listed"}},{"type":"Feature","id":"NJD980529838","geometry":{"type":"Point","coordinates":[-74.78,40.500281]},"properties":{"id":"NJD980529838","npl":"verified"}},{"type":"Feature","id":"NJD049860836","geometry":{"type":"Point","coordinates":[-74.3785,40.4891]},"properties":{"id":"NJD049860836","npl":"cleaning"}},{"type":"Feature","id":"NJD981558430","geometry":{"type":"Point","coordinates":[-74.319444,40.486111]},"properties":{"id":"NJD981558430","npl":"cleaning"}},{"type":"Feature","id":"NJD980663678","geometry":{"type":"Point","coordinates":[-74.319444,40.484722]},"properties":{"id":"NJD980663678","npl":"cleaning"}},{"type":"Feature","id":"INN000510479","geometry":{"type":"Point","coordinates":[-86.114128,40.479444]},"properties":{"id":"INN000510479","npl":"listed"}},{"type":"Feature","id":"IND001213503","geometry":{"type":"Point","coordinates":[-86.156299,40.474169]},"properties":{"id":"IND001213503","npl":"cleaning"}},{"type":"Feature","id":"IAD980630750","geometry":{"type":"Point","coordinates":[-91.4139,40.4666]},"properties":{"id":"IAD980630750","npl":"verified"}},{"type":"Feature","id":"PAD980691794","geometry":{"type":"Point","coordinates":[-75.6273,40.4646]},"properties":{"id":"PAD980691794","npl":"cleaning"}},{"type":"Feature","id":"NJN000206276","geometry":{"type":"Point","coordinates":[-74.258017,40.464589]},"properties":{"id":"NJN000206276","npl":"listed"}},{"type":"Feature","id":"PAD980706824","geometry":{"type":"Point","coordinates":[-75.331861,40.460139]},"properties":{"id":"PAD980706824","npl":"cleaning"}},{"type":"Feature","id":"IND980997639","geometry":{"type":"Point","coordinates":[-86.872219,40.456111]},"properties":{"id":"IND980997639","npl":"cleaning"}},{"type":"Feature","id":"UT0002391472","geometry":{"type":"Point","coordinates":[-112.358333,40.454167]},"properties":{"id":"UT0002391472","npl":"listed"}},{"type":"Feature","id":"NJD063160667","geometry":{"type":"Point","coordinates":[-74.286111,40.446389]},"properties":{"id":"NJD063160667","npl":"cleaning"}},{"type":"Feature","id":"NJD980505754","geometry":{"type":"Point","coordinates":[-74.358331,40.445561]},"properties":{"id":"NJD980505754","npl":"verified"}},{"type":"Feature","id":"NJD041828906","geometry":{"type":"Point","coordinates":[-74.4412,40.4424]},"properties":{"id":"NJD041828906","npl":"cleaning"}},{"type":"Feature","id":"NJD980654222","geometry":{"type":"Point","coordinates":[-74.325,40.4375]},"properties":{"id":"NJD980654222","npl":"cleaning"}},{"type":"Feature","id":"PAD981740061","geometry":{"type":"Point","coordinates":[-75.620611,40.435417]},"properties":{"id":"PAD981740061","npl":"listed"}},{"type":"Feature","id":"NJD002141190","geometry":{"type":"Point","coordinates":[-74.327769,40.434439]},"properties":{"id":"NJD002141190","npl":"listed"}},{"type":"Feature","id":"NJD980654164","geometry":{"type":"Point","coordinates":[-74.644169,40.408331]},"properties":{"id":"NJD980654164","npl":"cleaning"}},{"type":"Feature","id":"NJD981490261","geometry":{"type":"Point","coordinates":[-74.602781,40.406389]},"properties":{"id":"NJD981490261","npl":"cleaning"}},{"type":"Feature","id":"NJD980530679","geometry":{"type":"Point","coordinates":[-74.56805,40.402781]},"properties":{"id":"NJD980530679","npl":"verified"}},{"type":"Feature","id":"NJD980654156","geometry":{"type":"Point","coordinates":[-74.6475,40.401669]},"properties":{"id":"NJD980654156","npl":"cleaning"}},{"type":"Feature","id":"PAD061105128","geometry":{"type":"Point","coordinates":[-75.5933,40.3984]},"properties":{"id":"PAD061105128","npl":"cleaning"}},{"type":"Feature","id":"NJD053102232","geometry":{"type":"Point","coordinates":[-74.615281,40.3875]},"properties":{"id":"NJD053102232","npl":"cleaning"}},{"type":"Feature","id":"NJD980654099","geometry":{"type":"Point","coordinates":[-74.245831,40.383889]},"properties":{"id":"NJD980654099","npl":"cleaning"}},{"type":"Feature","id":"PAN000305561","geometry":{"type":"Point","coordinates":[-75.908119,40.381693]},"properties":{"id":"PAN000305561","npl":"listed"}},{"type":"Feature","id":"NJD980504997","geometry":{"type":"Point","coordinates":[-74.279169,40.375]},"properties":{"id":"NJD980504997","npl":"cleaning"}},{"type":"Feature","id":"PAD981740004","geometry":{"type":"Point","coordinates":[-75.204897,40.370892]},"properties":{"id":"PAD981740004","npl":"listed"}},{"type":"Feature","id":"NJD097400998","geometry":{"type":"Point","coordinates":[-74.465281,40.365831]},"properties":{"id":"NJD097400998","npl":"cleaning"}},{"type":"Feature","id":"PAD003005014","geometry":{"type":"Point","coordinates":[-76.325,40.364719]},"properties":{"id":"PAD003005014","npl":"cleaning"}},{"type":"Feature","id":"NJD980505671","geometry":{"type":"Point","coordinates":[-74.401389,40.361669]},"properties":{"id":"NJD980505671","npl":"verified"}},{"type":"Feature","id":"OHD057243610","geometry":{"type":"Point","coordinates":[-81.440831,40.361111]},"properties":{"id":"OHD057243610","npl":"verified"}},{"type":"Feature","id":"PAD981033459","geometry":{"type":"Point","coordinates":[-76.175361,40.35395]},"properties":{"id":"PAD981033459","npl":"listed"}},{"type":"Feature","id":"WVD004336749","geometry":{"type":"Point","coordinates":[-80.606939,40.340281]},"properties":{"id":"WVD004336749","npl":"verified"}},{"type":"Feature","id":"PAD002360444","geometry":{"type":"Point","coordinates":[-75.691669,40.317219]},"properties":{"id":"PAD002360444","npl":"cleaning"}},{"type":"Feature","id":"PAD002323848","geometry":{"type":"Point","coordinates":[-75.136003,40.315958]},"properties":{"id":"PAD002323848","npl":"listed"}},{"type":"Feature","id":"PAD096834494","geometry":{"type":"Point","coordinates":[-75.3252,40.3108]},"properties":{"id":"PAD096834494","npl":"cleaning"}},{"type":"Feature","id":"PAN000306939","geometry":{"type":"Point","coordinates":[-75.455133,40.299483]},"properties":{"id":"PAN000306939","npl":"listed"}},{"type":"Feature","id":"PAD002342475","geometry":{"type":"Point","coordinates":[-75.297781,40.293889]},"properties":{"id":"PAD002342475","npl":"cleaning"}},{"type":"Feature","id":"PAD000651810","geometry":{"type":"Point","coordinates":[-76.031111,40.291389]},"properties":{"id":"PAD000651810","npl":"verified"}},{"type":"Feature","id":"PAD980692693","geometry":{"type":"Point","coordinates":[-75.2451,40.2721]},"properties":{"id":"PAD980692693","npl":"listed"}},{"type":"Feature","id":"PAD063766828","geometry":{"type":"Point","coordinates":[-79.9124,40.2705]},"properties":{"id":"PAD063766828","npl":"verified"}},{"type":"Feature","id":"NJ0170022172","geometry":{"type":"Point","coordinates":[-74.162919,40.264581]},"properties":{"id":"NJ0170022172","npl":"listed"}},{"type":"Feature","id":"PAD002384865","geometry":{"type":"Point","coordinates":[-75.735281,40.2575]},"properties":{"id":"PAD002384865","npl":"cleaning"}},{"type":"Feature","id":"PAD980538649","geometry":{"type":"Point","coordinates":[-76.155281,40.25555]},"properties":{"id":"PAD980538649","npl":"verified"}},{"type":"Feature","id":"PAD980693204","geometry":{"type":"Point","coordinates":[-75.382222,40.251944]},"properties":{"id":"PAD980693204","npl":"listed"}},{"type":"Feature","id":"PAD980926976","geometry":{"type":"Point","coordinates":[-75.295639,40.248331]},"properties":{"id":"PAD980926976","npl":"listed"}},{"type":"Feature","id":"NJN000203535","geometry":{"type":"Point","coordinates":[-74.739361,40.236541]},"properties":{"id":"NJN000203535","npl":"proposed"}},{"type":"Feature","id":"PAD980229298","geometry":{"type":"Point","coordinates":[-75.614169,40.232081]},"properties":{"id":"PAD980229298","npl":"cleaning"}},{"type":"Feature","id":"NJD085632164","geometry":{"type":"Point","coordinates":[-74.045281,40.229169]},"properties":{"id":"NJD085632164","npl":"verified"}},{"type":"Feature","id":"OHD980509830","geometry":{"type":"Point","coordinates":[-81.848611,40.225]},"properties":{"id":"OHD980509830","npl":"verified"}},{"type":"Feature","id":"PA3170022104","geometry":{"type":"Point","coordinates":[-76.99361,40.223888]},"properties":{"id":"PA3170022104","npl":"listed"}},{"type":"Feature","id":"PAD002498632","geometry":{"type":"Point","coordinates":[-75.278889,40.218061]},"properties":{"id":"PAD002498632","npl":"listed"}},{"type":"Feature","id":"PAD002353969","geometry":{"type":"Point","coordinates":[-75.589031,40.203469]},"properties":{"id":"PAD002353969","npl":"verified"}},{"type":"Feature","id":"NJD980505424","geometry":{"type":"Point","coordinates":[-74.333339,40.202781]},"properties":{"id":"NJD980505424","npl":"cleaning"}},{"type":"Feature","id":"PA6170024545","geometry":{"type":"Point","coordinates":[-75.0642,40.1996]},"properties":{"id":"PA6170024545","npl":"cleaning"}},{"type":"Feature","id":"PAD987277837","geometry":{"type":"Point","coordinates":[-75.1475,40.19222]},"properties":{"id":"PAD987277837","npl":"listed"}},{"type":"Feature","id":"NJD980529408","geometry":{"type":"Point","coordinates":[-74.119719,40.185281]},"properties":{"id":"NJD980529408","npl":"cleaning"}},{"type":"Feature","id":"PAD002345817","geometry":{"type":"Point","coordinates":[-75.0925,40.183889]},"properties":{"id":"PAD002345817","npl":"cleaning"}},{"type":"Feature","id":"PAD057152365","geometry":{"type":"Point","coordinates":[-75.3537,40.1807]},"properties":{"id":"PAD057152365","npl":"cleaning"}},{"type":"Feature","id":"PAD039017694","geometry":{"type":"Point","coordinates":[-75.098611,40.179719]},"properties":{"id":"PAD039017694","npl":"cleaning"}},{"type":"Feature","id":"PAD980538763","geometry":{"type":"Point","coordinates":[-76.7173,40.1763]},"properties":{"id":"PAD980538763","npl":"verified"}},{"type":"Feature","id":"PAD980508766","geometry":{"type":"Point","coordinates":[-75.433611,40.155561]},"properties":{"id":"PAD980508766","npl":"verified"}},{"type":"Feature","id":"PAD981034887","geometry":{"type":"Point","coordinates":[-75.228625,40.153472]},"properties":{"id":"PAD981034887","npl":"cleaning"}},{"type":"Feature","id":"NJD063157150","geometry":{"type":"Point","coordinates":[-74.161111,40.150831]},"properties":{"id":"NJD063157150","npl":"cleaning"}},{"type":"Feature","id":"PAD000436436","geometry":{"type":"Point","coordinates":[-75.227219,40.149719]},"properties":{"id":"PAD000436436","npl":"verified"}},{"type":"Feature","id":"NJD986643153","geometry":{"type":"Point","coordinates":[-74.2,40.145833]},"properties":{"id":"NJD986643153","npl":"cleaning"}},{"type":"Feature","id":"NJD054981337","geometry":{"type":"Point","coordinates":[-74.0613,40.143]},"properties":{"id":"NJD054981337","npl":"cleaning"}},{"type":"Feature","id":"NJSFN0204241","geometry":{"type":"Point","coordinates":[-74.063133,40.135444]},"properties":{"id":"NJSFN0204241","npl":"listed"}},{"type":"Feature","id":"PAD980539712","geometry":{"type":"Point","coordinates":[-76.608189,40.132781]},"properties":{"id":"PAD980539712","npl":"cleaning"}},{"type":"Feature","id":"PAD980691703","geometry":{"type":"Point","coordinates":[-75.575,40.12695]},"properties":{"id":"PAD980691703","npl":"cleaning"}},{"type":"Feature","id":"PAD093730174","geometry":{"type":"Point","coordinates":[-75.4194,40.1241]},"properties":{"id":"PAD093730174","npl":"cleaning"}},{"type":"Feature","id":"NJD073732257","geometry":{"type":"Point","coordinates":[-74.770839,40.120831]},"properties":{"id":"NJD073732257","npl":"listed"}},{"type":"Feature","id":"PAD980829527","geometry":{"type":"Point","coordinates":[-75.915281,40.119719]},"properties":{"id":"PAD980829527","npl":"cleaning"}},{"type":"Feature","id":"INN000510915","geometry":{"type":"Point","coordinates":[-85.6789,40.1184]},"properties":{"id":"INN000510915","npl":"listed"}},{"type":"Feature","id":"PAD980692024","geometry":{"type":"Point","coordinates":[-75.362781,40.111389]},"properties":{"id":"PAD980692024","npl":"cleaning"}},{"type":"Feature","id":"NJD980505176","geometry":{"type":"Point","coordinates":[-74.1311,40.1098]},"properties":{"id":"NJD980505176","npl":"cleaning"}},{"type":"Feature","id":"NJD980532832","geometry":{"type":"Point","coordinates":[-74.5077,40.1048]},"properties":{"id":"NJD980532832","npl":"verified"}},{"type":"Feature","id":"NJD980530109","geometry":{"type":"Point","coordinates":[-74.4975,40.09555]},"properties":{"id":"NJD980530109","npl":"cleaning"}},{"type":"Feature","id":"NJD980532840","geometry":{"type":"Point","coordinates":[-74.4875,40.088889]},"properties":{"id":"NJD980532840","npl":"verified"}},{"type":"Feature","id":"PAD009862939","geometry":{"type":"Point","coordinates":[-75.35555,40.086939]},"properties":{"id":"PAD009862939","npl":"cleaning"}},{"type":"Feature","id":"PAD981035009","geometry":{"type":"Point","coordinates":[-74.8892,40.084934]},"properties":{"id":"PAD981035009","npl":"cleaning"}},{"type":"Feature","id":"PAD014269971","geometry":{"type":"Point","coordinates":[-75.355,40.083889]},"properties":{"id":"PAD014269971","npl":"cleaning"}},{"type":"Feature","id":"PAD980419097","geometry":{"type":"Point","coordinates":[-75.3425,40.081667]},"properties":{"id":"PAD980419097","npl":"listed"}},{"type":"Feature","id":"NJD980532816","geometry":{"type":"Point","coordinates":[-74.5061,40.0789]},"properties":{"id":"NJD980532816","npl":"verified"}},{"type":"Feature","id":"ILN000508134","geometry":{"type":"Point","coordinates":[-87.650092,40.076322]},"properties":{"id":"ILN000508134","npl":"listed"}},{"type":"Feature","id":"NJD980532808","geometry":{"type":"Point","coordinates":[-74.499439,40.07555]},"properties":{"id":"NJD980532808","npl":"verified"}},{"type":"Feature","id":"OHD980611800","geometry":{"type":"Point","coordinates":[-84.224169,40.074169]},"properties":{"id":"OHD980611800","npl":"cleaning"}},{"type":"Feature","id":"NJD980532824","geometry":{"type":"Point","coordinates":[-74.445269,40.072219]},"properties":{"id":"NJD980532824","npl":"verified"}},{"type":"Feature","id":"NJD980529143","geometry":{"type":"Point","coordinates":[-74.773611,40.069439]},"properties":{"id":"NJD980529143","npl":"verified"}},{"type":"Feature","id":"NJD980505283","geometry":{"type":"Point","coordinates":[-74.348611,40.063331]},"properties":{"id":"NJD980505283","npl":"verified"}},{"type":"Feature","id":"PAD014353445","geometry":{"type":"Point","coordinates":[-75.56805,40.061669]},"properties":{"id":"PAD014353445","npl":"cleaning"}},{"type":"Feature","id":"NJD000565531","geometry":{"type":"Point","coordinates":[-74.925899,40.058183]},"properties":{"id":"NJD000565531","npl":"cleaning"}},{"type":"Feature","id":"COD981551427","geometry":{"type":"Point","coordinates":[-105.503611,40.055833]},"properties":{"id":"COD981551427","npl":"listed"}},{"type":"Feature","id":"OHD980509657","geometry":{"type":"Point","coordinates":[-80.841669,40.047219]},"properties":{"id":"OHD980509657","npl":"verified"}},{"type":"Feature","id":"OHN000508132","geometry":{"type":"Point","coordinates":[-84.208928,40.046408]},"properties":{"id":"OHN000508132","npl":"listed"}},{"type":"Feature","id":"IND980794374","geometry":{"type":"Point","coordinates":[-86.4723,40.0453]},"properties":{"id":"IND980794374","npl":"verified"}},{"type":"Feature","id":"PAD980692594","geometry":{"type":"Point","coordinates":[-75.492919,40.043189]},"properties":{"id":"PAD980692594","npl":"cleaning"}},{"type":"Feature","id":"PAD980537773","geometry":{"type":"Point","coordinates":[-75.898061,40.041939]},"properties":{"id":"PAD980537773","npl":"listed"}},{"type":"Feature","id":"PAD077087989","geometry":{"type":"Point","coordinates":[-75.585278,40.04]},"properties":{"id":"PAD077087989","npl":"cleaning"}},{"type":"Feature","id":"OHSFN0507962","geometry":{"type":"Point","coordinates":[-84.1961,40.0381]},"properties":{"id":"OHSFN0507962","npl":"listed"}},{"type":"Feature","id":"NJD002493054","geometry":{"type":"Point","coordinates":[-74.694,40.0363]},"properties":{"id":"NJD002493054","npl":"listed"}},{"type":"Feature","id":"PAD004351003","geometry":{"type":"Point","coordinates":[-75.6032,40.031811]},"properties":{"id":"PAD004351003","npl":"cleaning"}},{"type":"Feature","id":"IND084259951","geometry":{"type":"Point","coordinates":[-86.278339,40.03]},"properties":{"id":"IND084259951","npl":"cleaning"}},{"type":"Feature","id":"NJ7170023744","geometry":{"type":"Point","coordinates":[-74.369161,40.029719]},"properties":{"id":"NJ7170023744","npl":"cleaning"}},{"type":"Feature","id":"IND050530872","geometry":{"type":"Point","coordinates":[-86.273331,40.028331]},"properties":{"id":"IND050530872","npl":"cleaning"}},{"type":"Feature","id":"PAD980539126","geometry":{"type":"Point","coordinates":[-76.498389,40.026207]},"properties":{"id":"PAD980539126","npl":"cleaning"}},{"type":"Feature","id":"PAD046557096","geometry":{"type":"Point","coordinates":[-75.027781,40.024169]},"properties":{"id":"PAD046557096","npl":"cleaning"}},{"type":"Feature","id":"PAD980539985","geometry":{"type":"Point","coordinates":[-75.91055,40.02]},"properties":{"id":"PAD980539985","npl":"cleaning"}},{"type":"Feature","id":"NJ0570024018","geometry":{"type":"Point","coordinates":[-74.593611,40.018056]},"properties":{"id":"NJ0570024018","npl":"listed"}},{"type":"Feature","id":"NJD980785638","geometry":{"type":"Point","coordinates":[-74.9862,40.0175]},"properties":{"id":"NJD980785638","npl":"listed"}},{"type":"Feature","id":"NJD980529713","geometry":{"type":"Point","coordinates":[-74.2149,40.0106]},"properties":{"id":"NJD980529713","npl":"verified"}},{"type":"Feature","id":"OHD018392928","geometry":{"type":"Point","coordinates":[-84.198611,40.008889]},"properties":{"id":"OHD018392928","npl":"verified"}},{"type":"Feature","id":"PA2210090054","geometry":{"type":"Point","coordinates":[-77.64,40.0075]},"properties":{"id":"PA2210090054","npl":"listed"}},{"type":"Feature","id":"PAD980690549","geometry":{"type":"Point","coordinates":[-76.665281,40.0075]},"properties":{"id":"PAD980690549","npl":"cleaning"}},{"type":"Feature","id":"PAD981938939","geometry":{"type":"Point","coordinates":[-75.908333,39.995833]},"properties":{"id":"PAD981938939","npl":"listed"}},{"type":"Feature","id":"PA6213820503","geometry":{"type":"Point","coordinates":[-77.6444,39.9957]},"properties":{"id":"PA6213820503","npl":"listed"}},{"type":"Feature","id":"NJD041743220","geometry":{"type":"Point","coordinates":[-75.0347,39.9886]},"properties":{"id":"NJD041743220","npl":"cleaning"}},{"type":"Feature","id":"OH1170090004","geometry":{"type":"Point","coordinates":[-82.887221,39.987777]},"properties":{"id":"OH1170090004","npl":"proposed"}},{"type":"Feature","id":"NJD001502517","geometry":{"type":"Point","coordinates":[-74.2363,39.9867]},"properties":{"id":"NJD001502517","npl":"cleaning"}},{"type":"Feature","id":"OHD980794630","geometry":{"type":"Point","coordinates":[-81.541661,39.984719]},"properties":{"id":"OHD980794630","npl":"cleaning"}},{"type":"Feature","id":"PASFN0305549","geometry":{"type":"Point","coordinates":[-75.083889,39.983194]},"properties":{"id":"PASFN0305549","npl":"listed"}},{"type":"Feature","id":"PAD002338010","geometry":{"type":"Point","coordinates":[-75.318611,39.982781]},"properties":{"id":"PAD002338010","npl":"cleaning"}},{"type":"Feature","id":"OHD017506171","geometry":{"type":"Point","coordinates":[-84.549161,39.98195]},"properties":{"id":"OHD017506171","npl":"verified"}},{"type":"Feature","id":"NJD048044325","geometry":{"type":"Point","coordinates":[-74.770839,39.980561]},"properties":{"id":"NJD048044325","npl":"cleaning"}},{"type":"Feature","id":"NJ2210020275","geometry":{"type":"Point","coordinates":[-74.6244,39.9801]},"properties":{"id":"NJ2210020275","npl":"verified"}},{"type":"Feature","id":"NJD981084767","geometry":{"type":"Point","coordinates":[-75.051944,39.976667]},"properties":{"id":"NJD981084767","npl":"listed"}},{"type":"Feature","id":"OHD980794598","geometry":{"type":"Point","coordinates":[-81.992231,39.967781]},"properties":{"id":"OHD980794598","npl":"cleaning"}},{"type":"Feature","id":"PAD980539068","geometry":{"type":"Point","coordinates":[-76.5925,39.960561]},"properties":{"id":"PAD980539068","npl":"cleaning"}},{"type":"Feature","id":"UT0002240158","geometry":{"type":"Point","coordinates":[-112.115556,39.955556]},"properties":{"id":"UT0002240158","npl":"verified"}},{"type":"Feature","id":"COD980499255","geometry":{"type":"Point","coordinates":[-105.2,39.95]},"properties":{"id":"COD980499255","npl":"cleaning"}},{"type":"Feature","id":"PAD000441337","geometry":{"type":"Point","coordinates":[-75.768061,39.944439]},"properties":{"id":"PAD000441337","npl":"verified"}},{"type":"Feature","id":"PAD987341716","geometry":{"type":"Point","coordinates":[-75.261944,39.943056]},"properties":{"id":"PAD987341716","npl":"verified"}},{"type":"Feature","id":"PAD980830921","geometry":{"type":"Point","coordinates":[-75.2671,39.9413]},"properties":{"id":"PAD980830921","npl":"verified"}},{"type":"Feature","id":"ILD980607055","geometry":{"type":"Point","coordinates":[-91.268472,39.929444]},"properties":{"id":"ILD980607055","npl":"cleaning"}},{"type":"Feature","id":"NJD980505382","geometry":{"type":"Point","coordinates":[-74.49445,39.929161]},"properties":{"id":"NJD980505382","npl":"cleaning"}},{"type":"Feature","id":"NJD014623854","geometry":{"type":"Point","coordinates":[-75.119167,39.926111]},"properties":{"id":"NJD014623854","npl":"listed"}},{"type":"Feature","id":"NJD980654123","geometry":{"type":"Point","coordinates":[-74.196661,39.924719]},"properties":{"id":"NJD980654123","npl":"verified"}},{"type":"Feature","id":"OHN000509238","geometry":{"type":"Point","coordinates":[-84.033694,39.923333]},"properties":{"id":"OHN000509238","npl":"listed"}},{"type":"Feature","id":"OHN000510459","geometry":{"type":"Point","coordinates":[-83.948728,39.920558]},"properties":{"id":"OHN000510459","npl":"listed"}},{"type":"Feature","id":"NJD986620995","geometry":{"type":"Point","coordinates":[-75.121944,39.919722]},"properties":{"id":"NJD986620995","npl":"listed"}},{"type":"Feature","id":"NJD046644407","geometry":{"type":"Point","coordinates":[-74.170831,39.909169]},"properties":{"id":"NJD046644407","npl":"verified"}},{"type":"Feature","id":"PAD981939200","geometry":{"type":"Point","coordinates":[-75.135281,39.90805]},"properties":{"id":"PAD981939200","npl":"verified"}},{"type":"Feature","id":"WVD024185373","geometry":{"type":"Point","coordinates":[-80.801389,39.906667]},"properties":{"id":"WVD024185373","npl":"listed"}},{"type":"Feature","id":"NJD980529085","geometry":{"type":"Point","coordinates":[-74.864719,39.905]},"properties":{"id":"NJD980529085","npl":"cleaning"}},{"type":"Feature","id":"PAD980830889","geometry":{"type":"Point","coordinates":[-77.2055,39.8999]},"properties":{"id":"PAD980830889","npl":"cleaning"}},{"type":"Feature","id":"CO7890010526","geometry":{"type":"Point","coordinates":[-105.2017,39.894169]},"properties":{"id":"CO7890010526","npl":"cleaning"}},{"type":"Feature","id":"PASFN0305521","geometry":{"type":"Point","coordinates":[-75.267778,39.885556]},"properties":{"id":"PASFN0305521","npl":"listed"}},{"type":"Feature","id":"PAD980552913","geometry":{"type":"Point","coordinates":[-75.2125,39.885]},"properties":{"id":"PAD980552913","npl":"verified"}},{"type":"Feature","id":"MOD000830554","geometry":{"type":"Point","coordinates":[-94.87,39.875]},"properties":{"id":"MOD000830554","npl":"verified"}},{"type":"Feature","id":"PAD043882281","geometry":{"type":"Point","coordinates":[-77.24,39.857219]},"properties":{"id":"PAD043882281","npl":"cleaning"}},{"type":"Feature","id":"NJD011770013","geometry":{"type":"Point","coordinates":[-75.168306,39.854722]},"properties":{"id":"NJD011770013","npl":"listed"}},{"type":"Feature","id":"PAD980830897","geometry":{"type":"Point","coordinates":[-77.206111,39.85305]},"properties":{"id":"PAD980830897","npl":"cleaning"}},{"type":"Feature","id":"NJD980761381","geometry":{"type":"Point","coordinates":[-74.9455,39.8478]},"properties":{"id":"NJD980761381","npl":"verified"}},{"type":"Feature","id":"IND980684583","geometry":{"type":"Point","coordinates":[-85.605281,39.844719]},"properties":{"id":"IND980684583","npl":"verified"}},{"type":"Feature","id":"PAD980692420","geometry":{"type":"Point","coordinates":[-76.759719,39.840281]},"properties":{"id":"PAD980692420","npl":"cleaning"}},{"type":"Feature","id":"NJD002349058","geometry":{"type":"Point","coordinates":[-75.277781,39.838889]},"properties":{"id":"NJD002349058","npl":"listed"}},{"type":"Feature","id":"NJ0000453514","geometry":{"type":"Point","coordinates":[-74.958333,39.83611]},"properties":{"id":"NJ0000453514","npl":"proposed"}},{"type":"Feature","id":"CO5210020769","geometry":{"type":"Point","coordinates":[-104.8842,39.835561]},"properties":{"id":"CO5210020769","npl":"listed"}},{"type":"Feature","id":"NJD980417976","geometry":{"type":"Point","coordinates":[-74.964977,39.835526]},"properties":{"id":"NJD980417976","npl":"listed"}},{"type":"Feature","id":"INN000510399","geometry":{"type":"Point","coordinates":[-86.121667,39.834722]},"properties":{"id":"INN000510399","npl":"listed"}},{"type":"Feature","id":"NJ0001120799","geometry":{"type":"Point","coordinates":[-74.963889,39.834167]},"properties":{"id":"NJ0001120799","npl":"listed"}},{"type":"Feature","id":"PAD980539407","geometry":{"type":"Point","coordinates":[-75.3775,39.8337]},"properties":{"id":"PAD980539407","npl":"verified"}},{"type":"Feature","id":"OHD000382663","geometry":{"type":"Point","coordinates":[-84.16,39.833331]},"properties":{"id":"OHD000382663","npl":"cleaning"}},{"type":"Feature","id":"NJD980505887","geometry":{"type":"Point","coordinates":[-74.492231,39.829169]},"properties":{"id":"NJD980505887","npl":"cleaning"}},{"type":"Feature","id":"PAD044545895","geometry":{"type":"Point","coordinates":[-75.399047,39.824981]},"properties":{"id":"PAD044545895","npl":"listed"}},{"type":"Feature","id":"PAD041421223","geometry":{"type":"Point","coordinates":[-76.6944,39.8218]},"properties":{"id":"PAD041421223","npl":"verified"}},{"type":"Feature","id":"NJD980505879","geometry":{"type":"Point","coordinates":[-74.447781,39.821669]},"properties":{"id":"NJD980505879","npl":"cleaning"}},{"type":"Feature","id":"NJD980761357","geometry":{"type":"Point","coordinates":[-74.700839,39.82]},"properties":{"id":"NJD980761357","npl":"verified"}},{"type":"Feature","id":"COD000110254","geometry":{"type":"Point","coordinates":[-104.9989,39.8148]},"properties":{"id":"COD000110254","npl":"cleaning"}},{"type":"Feature","id":"OH7571724312","geometry":{"type":"Point","coordinates":[-84.0697,39.8071]},"properties":{"id":"OH7571724312","npl":"cleaning"}},{"type":"Feature","id":"NJD980761365","geometry":{"type":"Point","coordinates":[-74.719439,39.802781]},"properties":{"id":"NJD980761365","npl":"cleaning"}},{"type":"Feature","id":"NJD053292652","geometry":{"type":"Point","coordinates":[-75.321661,39.801669]},"properties":{"id":"NJD053292652","npl":"listed"}},{"type":"Feature","id":"NJD047321443","geometry":{"type":"Point","coordinates":[-75.332781,39.798331]},"properties":{"id":"NJD047321443","npl":"cleaning"}},{"type":"Feature","id":"OHN000510489","geometry":{"type":"Point","coordinates":[-84.1325,39.797222]},"properties":{"id":"OHN000510489","npl":"listed"}},{"type":"Feature","id":"COD980667075","geometry":{"type":"Point","coordinates":[-104.9424,39.795]},"properties":{"id":"COD980667075","npl":"verified"}},{"type":"Feature","id":"COD980717953","geometry":{"type":"Point","coordinates":[-104.9361,39.791669]},"properties":{"id":"COD980717953","npl":"verified"}},{"type":"Feature","id":"CO0002259588","geometry":{"type":"Point","coordinates":[-104.958333,39.791667]},"properties":{"id":"CO0002259588","npl":"listed"}},{"type":"Feature","id":"DEN000303920","geometry":{"type":"Point","coordinates":[-75.696513,39.78752]},"properties":{"id":"DEN000303920","npl":"listed"}},{"type":"Feature","id":"OHD980611875","geometry":{"type":"Point","coordinates":[-84.1525,39.78611]},"properties":{"id":"OHD980611875","npl":"cleaning"}},{"type":"Feature","id":"OHN000510164","geometry":{"type":"Point","coordinates":[-84.179444,39.784444]},"properties":{"id":"OHN000510164","npl":"listed"}},{"type":"Feature","id":"PAD980830715","geometry":{"type":"Point","coordinates":[-76.607219,39.782361]},"properties":{"id":"PAD980830715","npl":"verified"}},{"type":"Feature","id":"COD007431620","geometry":{"type":"Point","coordinates":[-104.9136,39.780831]},"properties":{"id":"COD007431620","npl":"cleaning"}},{"type":"Feature","id":"NJD980505366","geometry":{"type":"Point","coordinates":[-75.2003,39.7801]},"properties":{"id":"NJD980505366","npl":"cleaning"}},{"type":"Feature","id":"NJD980529192","geometry":{"type":"Point","coordinates":[-75.018889,39.77945]},"properties":{"id":"NJD980529192","npl":"cleaning"}},{"type":"Feature","id":"IND016395899","geometry":{"type":"Point","coordinates":[-86.1918,39.7654]},"properties":{"id":"IND016395899","npl":"verified"}},{"type":"Feature","id":"NJD043584101","geometry":{"type":"Point","coordinates":[-75.322169,39.763106]},"properties":{"id":"NJD043584101","npl":"listed"}},{"type":"Feature","id":"NJD061843249","geometry":{"type":"Point","coordinates":[-75.424719,39.758061]},"properties":{"id":"NJD061843249","npl":"listed"}},{"type":"Feature","id":"COD980717557","geometry":{"type":"Point","coordinates":[-105.5,39.75]},"properties":{"id":"COD980717557","npl":"listed"}},{"type":"Feature","id":"IND000807107","geometry":{"type":"Point","coordinates":[-86.218331,39.740281]},"properties":{"id":"IND000807107","npl":"cleaning"}},{"type":"Feature","id":"NJD014743678","geometry":{"type":"Point","coordinates":[-74.905917,39.729722]},"properties":{"id":"NJD014743678","npl":"cleaning"}},{"type":"Feature","id":"OHD980611388","geometry":{"type":"Point","coordinates":[-84.219444,39.729444]},"properties":{"id":"OHD980611388","npl":"proposed"}},{"type":"Feature","id":"OHD981537582","geometry":{"type":"Point","coordinates":[-84.084306,39.726389]},"properties":{"id":"OHD981537582","npl":"listed"}},{"type":"Feature","id":"PAD054142781","geometry":{"type":"Point","coordinates":[-77.036111,39.72445]},"properties":{"id":"PAD054142781","npl":"cleaning"}},{"type":"Feature","id":"NJD980505416","geometry":{"type":"Point","coordinates":[-75.141939,39.720281]},"properties":{"id":"NJD980505416","npl":"verified"}},{"type":"Feature","id":"DED980830954","geometry":{"type":"Point","coordinates":[-75.537219,39.718611]},"properties":{"id":"DED980830954","npl":"cleaning"}},{"type":"Feature","id":"COD980716955","geometry":{"type":"Point","coordinates":[-105,39.716669]},"properties":{"id":"COD980716955","npl":"cleaning"}},{"type":"Feature","id":"OHD093895787","geometry":{"type":"Point","coordinates":[-84.201531,39.716581]},"properties":{"id":"OHD093895787","npl":"cleaning"}},{"type":"Feature","id":"IND980607360","geometry":{"type":"Point","coordinates":[-86.205,39.716111]},"properties":{"id":"IND980607360","npl":"verified"}},{"type":"Feature","id":"DED980555122","geometry":{"type":"Point","coordinates":[-75.609169,39.708331]},"properties":{"id":"DED980555122","npl":"cleaning"}},{"type":"Feature","id":"OHD004379970","geometry":{"type":"Point","coordinates":[-80.841669,39.705]},"properties":{"id":"OHD004379970","npl":"cleaning"}},{"type":"Feature","id":"DED980552244","geometry":{"type":"Point","coordinates":[-75.624169,39.704719]},"properties":{"id":"DED980552244","npl":"listed"}},{"type":"Feature","id":"MDD000218008","geometry":{"type":"Point","coordinates":[-75.877778,39.691249]},"properties":{"id":"MDD000218008","npl":"cleaning"}},{"type":"Feature","id":"DEN000304044","geometry":{"type":"Point","coordinates":[-75.597211,39.673092]},"properties":{"id":"DEN000304044","npl":"listed"}},{"type":"Feature","id":"DED058980442","geometry":{"type":"Point","coordinates":[-75.561669,39.670281]},"properties":{"id":"DED058980442","npl":"verified"}},{"type":"Feature","id":"DED980705255","geometry":{"type":"Point","coordinates":[-75.577769,39.657781]},"properties":{"id":"DED980705255","npl":"verified"}},{"type":"Feature","id":"MDD003061447","geometry":{"type":"Point","coordinates":[-77.723611,39.656667]},"properties":{"id":"MDD003061447","npl":"listed"}},{"type":"Feature","id":"DEN000306877","geometry":{"type":"Point","coordinates":[-75.735,39.653889]},"properties":{"id":"DEN000306877","npl":"listed"}},{"type":"Feature","id":"DED980494496","geometry":{"type":"Point","coordinates":[-75.608331,39.653061]},"properties":{"id":"DED980494496","npl":"cleaning"}},{"type":"Feature","id":"DED000605972","geometry":{"type":"Point","coordinates":[-75.602781,39.651389]},"properties":{"id":"DED000605972","npl":"cleaning"}},{"type":"Feature","id":"COD980499248","geometry":{"type":"Point","coordinates":[-104.7083,39.643331]},"properties":{"id":"COD980499248","npl":"cleaning"}},{"type":"Feature","id":"MDD980504344","geometry":{"type":"Point","coordinates":[-76.09,39.641669]},"properties":{"id":"MDD980504344","npl":"cleaning"}},{"type":"Feature","id":"OHD980509616","geometry":{"type":"Point","coordinates":[-82.965281,39.6375]},"properties":{"id":"OHD980509616","npl":"verified"}},{"type":"Feature","id":"MDD982364341","geometry":{"type":"Point","coordinates":[-75.923889,39.630833]},"properties":{"id":"MDD982364341","npl":"cleaning"}},{"type":"Feature","id":"NJD980505341","geometry":{"type":"Point","coordinates":[-74.889439,39.62695]},"properties":{"id":"NJD980505341","npl":"cleaning"}},{"type":"Feature","id":"OH6890008984","geometry":{"type":"Point","coordinates":[-84.2862,39.6264]},"properties":{"id":"OH6890008984","npl":"cleaning"}},{"type":"Feature","id":"MDD980691588","geometry":{"type":"Point","coordinates":[-78.722219,39.626389]},"properties":{"id":"MDD980691588","npl":"cleaning"}},{"type":"Feature","id":"NJD002360188","geometry":{"type":"Point","coordinates":[-75.061474,39.616969]},"properties":{"id":"NJD002360188","npl":"listed"}},{"type":"Feature","id":"MDD980705164","geometry":{"type":"Point","coordinates":[-75.896389,39.615281]},"properties":{"id":"MDD980705164","npl":"cleaning"}},{"type":"Feature","id":"DED000606079","geometry":{"type":"Point","coordinates":[-75.653339,39.6125]},"properties":{"id":"DED000606079","npl":"cleaning"}},{"type":"Feature","id":"MDD985366756","geometry":{"type":"Point","coordinates":[-75.844474,39.612007]},"properties":{"id":"MDD985366756","npl":"listed"}},{"type":"Feature","id":"WVN000304985","geometry":{"type":"Point","coordinates":[-80.930248,39.60614]},"properties":{"id":"WVN000304985","npl":"listed"}},{"type":"Feature","id":"WVD000850404","geometry":{"type":"Point","coordinates":[-79.979719,39.603331]},"properties":{"id":"WVD000850404","npl":"verified"}},{"type":"Feature","id":"DED041212473","geometry":{"type":"Point","coordinates":[-75.635831,39.599581]},"properties":{"id":"DED041212473","npl":"listed"}},{"type":"Feature","id":"NJD986570992","geometry":{"type":"Point","coordinates":[-75.025,39.594444]},"properties":{"id":"NJD986570992","npl":"cleaning"}},{"type":"Feature","id":"DED980551667","geometry":{"type":"Point","coordinates":[-75.649439,39.586111]},"properties":{"id":"DED980551667","npl":"cleaning"}},{"type":"Feature","id":"DED980713093","geometry":{"type":"Point","coordinates":[-75.770839,39.573331]},"properties":{"id":"DED980713093","npl":"cleaning"}},{"type":"Feature","id":"WV0170023691","geometry":{"type":"Point","coordinates":[-78.843611,39.560972]},"properties":{"id":"WV0170023691","npl":"listed"}},{"type":"Feature","id":"NJD002365930","geometry":{"type":"Point","coordinates":[-75.022219,39.543061]},"properties":{"id":"NJD002365930","npl":"listed"}},{"type":"Feature","id":"ILD981781065","geometry":{"type":"Point","coordinates":[-89.2975,39.5404]},"properties":{"id":"ILD981781065","npl":"cleaning"}},{"type":"Feature","id":"NJD980654180","geometry":{"type":"Point","coordinates":[-74.533331,39.538889]},"properties":{"id":"NJD980654180","npl":"verified"}},{"type":"Feature","id":"COD081961518","geometry":{"type":"Point","coordinates":[-106.3917,39.533331]},"properties":{"id":"COD081961518","npl":"cleaning"}},{"type":"Feature","id":"NJD980766828","geometry":{"type":"Point","coordinates":[-74.9491,39.5206]},"properties":{"id":"NJD980766828","npl":"cleaning"}},{"type":"Feature","id":"NJD053280160","geometry":{"type":"Point","coordinates":[-74.94945,39.519031]},"properties":{"id":"NJD053280160","npl":"cleaning"}},{"type":"Feature","id":"CO7570090038","geometry":{"type":"Point","coordinates":[-105.1337,39.514219]},"properties":{"id":"CO7570090038","npl":"cleaning"}},{"type":"Feature","id":"DED981035520","geometry":{"type":"Point","coordinates":[-75.71,39.5126]},"properties":{"id":"DED981035520","npl":"verified"}},{"type":"Feature","id":"NJD002385664","geometry":{"type":"Point","coordinates":[-75.056661,39.510281]},"properties":{"id":"NJD002385664","npl":"listed"}},{"type":"Feature","id":"NJD980772727","geometry":{"type":"Point","coordinates":[-74.543611,39.500694]},"properties":{"id":"NJD980772727","npl":"listed"}},{"type":"Feature","id":"WVD054827944","geometry":{"type":"Point","coordinates":[-80.123056,39.497222]},"properties":{"id":"WVD054827944","npl":"listed"}},{"type":"Feature","id":"NJD980761399","geometry":{"type":"Point","coordinates":[-75.184719,39.494169]},"properties":{"id":"NJD980761399","npl":"verified"}},{"type":"Feature","id":"WVD000800441","geometry":{"type":"Point","coordinates":[-80.114444,39.493611]},"properties":{"id":"WVD000800441","npl":"listed"}},{"type":"Feature","id":"NJD980529887","geometry":{"type":"Point","coordinates":[-74.991669,39.486111]},"properties":{"id":"NJD980529887","npl":"verified"}},{"type":"Feature","id":"CAD980894679","geometry":{"type":"Point","coordinates":[-121.5525,39.483061]},"properties":{"id":"CAD980894679","npl":"verified"}},{"type":"Feature","id":"NJN000200874","geometry":{"type":"Point","coordinates":[-75.025489,39.47841]},"properties":{"id":"NJN000200874","npl":"listed"}},{"type":"Feature","id":"NJD980769350","geometry":{"type":"Point","coordinates":[-74.569439,39.477781]},"properties":{"id":"NJD980769350","npl":"verified"}},{"type":"Feature","id":"INN000509938","geometry":{"type":"Point","coordinates":[-87.414319,39.476586]},"properties":{"id":"INN000509938","npl":"listed"}},{"type":"Feature","id":"CAD065021594","geometry":{"type":"Point","coordinates":[-121.5703,39.4743]},"properties":{"id":"CAD065021594","npl":"verified"}},{"type":"Feature","id":"CAD009112087","geometry":{"type":"Point","coordinates":[-121.5643,39.470831]},"properties":{"id":"CAD009112087","npl":"cleaning"}},{"type":"Feature","id":"MDD980504195","geometry":{"type":"Point","coordinates":[-76.26195,39.467219]},"properties":{"id":"MDD980504195","npl":"cleaning"}},{"type":"Feature","id":"MD3210021355","geometry":{"type":"Point","coordinates":[-76.1414,39.4606]},"properties":{"id":"MD3210021355","npl":"cleaning"}},{"type":"Feature","id":"NJ9690510020","geometry":{"type":"Point","coordinates":[-74.583339,39.458331]},"properties":{"id":"NJ9690510020","npl":"listed"}},{"type":"Feature","id":"NJ0001360882","geometry":{"type":"Point","coordinates":[-75.04725,39.45725]},"properties":{"id":"NJ0001360882","npl":"cleaning"}},{"type":"Feature","id":"NJD980529416","geometry":{"type":"Point","coordinates":[-74.658889,39.454439]},"properties":{"id":"NJD980529416","npl":"cleaning"}},{"type":"Feature","id":"INT190010876","geometry":{"type":"Point","coordinates":[-87.391389,39.437781]},"properties":{"id":"INT190010876","npl":"verified"}},{"type":"Feature","id":"MDD985397249","geometry":{"type":"Point","coordinates":[-77.446769,39.434442]},"properties":{"id":"MDD985397249","npl":"listed"}},{"type":"Feature","id":"OHD980794606","geometry":{"type":"Point","coordinates":[-81.4025,39.43195]},"properties":{"id":"OHD980794606","npl":"cleaning"}},{"type":"Feature","id":"OHD074705930","geometry":{"type":"Point","coordinates":[-84.531,39.429861]},"properties":{"id":"OHD074705930","npl":"proposed"}},{"type":"Feature","id":"INN000508678","geometry":{"type":"Point","coordinates":[-86.431789,39.428661]},"properties":{"id":"INN000508678","npl":"listed"}},{"type":"Feature","id":"NJD002362705","geometry":{"type":"Point","coordinates":[-75.032781,39.422219]},"properties":{"id":"NJD002362705","npl":"cleaning"}},{"type":"Feature","id":"NJD980529002","geometry":{"type":"Point","coordinates":[-74.545831,39.416669]},"properties":{"id":"NJD980529002","npl":"verified"}},{"type":"Feature","id":"NJD070281175","geometry":{"type":"Point","coordinates":[-74.52695,39.415281]},"properties":{"id":"NJD070281175","npl":"listed"}},{"type":"Feature","id":"ILD000814673","geometry":{"type":"Point","coordinates":[-87.699169,39.410831]},"properties":{"id":"ILD000814673","npl":"cleaning"}},{"type":"Feature","id":"OHD074727793","geometry":{"type":"Point","coordinates":[-84.552,39.4079]},"properties":{"id":"OHD074727793","npl":"cleaning"}},{"type":"Feature","id":"KSD046746731","geometry":{"type":"Point","coordinates":[-101.039167,39.396944]},"properties":{"id":"KSD046746731","npl":"cleaning"}},{"type":"Feature","id":"MD2210020036","geometry":{"type":"Point","coordinates":[-76.30773,39.395404]},"properties":{"id":"MD2210020036","npl":"listed"}},{"type":"Feature","id":"OHD987051083","geometry":{"type":"Point","coordinates":[-84.242222,39.350694]},"properties":{"id":"OHD987051083","npl":"cleaning"}},{"type":"Feature","id":"WVD980693402","geometry":{"type":"Point","coordinates":[-77.9095,39.3465]},"properties":{"id":"WVD980693402","npl":"verified"}},{"type":"Feature","id":"OHD063963714","geometry":{"type":"Point","coordinates":[-84.399719,39.333331]},"properties":{"id":"OHD063963714","npl":"cleaning"}},{"type":"Feature","id":"WVD988798401","geometry":{"type":"Point","coordinates":[-81.548778,39.325167]},"properties":{"id":"WVD988798401","npl":"cleaning"}},{"type":"Feature","id":"MDD980918387","geometry":{"type":"Point","coordinates":[-76.517886,39.307967]},"properties":{"id":"MDD980918387","npl":"proposed"}},{"type":"Feature","id":"OH6890008976","geometry":{"type":"Point","coordinates":[-84.688331,39.29945]},"properties":{"id":"OH6890008976","npl":"cleaning"}},{"type":"Feature","id":"WVN000306876","geometry":{"type":"Point","coordinates":[-80.357433,39.297053]},"properties":{"id":"WVN000306876","npl":"listed"}},{"type":"Feature","id":"MDD980923783","geometry":{"type":"Point","coordinates":[-76.5419,39.2956]},"properties":{"id":"MDD980923783","npl":"listed"}},{"type":"Feature","id":"DED980705545","geometry":{"type":"Point","coordinates":[-75.618889,39.295281]},"properties":{"id":"DED980705545","npl":"verified"}},{"type":"Feature","id":"INN000510959","geometry":{"type":"Point","coordinates":[-86.7645,39.2849]},"properties":{"id":"INN000510959","npl":"listed"}},{"type":"Feature","id":"MDD981038334","geometry":{"type":"Point","coordinates":[-76.45271,39.270267]},"properties":{"id":"MDD981038334","npl":"listed"}},{"type":"Feature","id":"MDD980555478","geometry":{"type":"Point","coordinates":[-76.6325,39.265419]},"properties":{"id":"MDD980555478","npl":"verified"}},{"type":"Feature","id":"ILD980397079","geometry":{"type":"Point","coordinates":[-88.174,39.2439]},"properties":{"id":"ILD980397079","npl":"verified"}},{"type":"Feature","id":"IND980794549","geometry":{"type":"Point","coordinates":[-86.7968,39.2381]},"properties":{"id":"IND980794549","npl":"verified"}},{"type":"Feature","id":"COD980717938","geometry":{"type":"Point","coordinates":[-106.2692,39.236111]},"properties":{"id":"COD980717938","npl":"listed"}},{"type":"Feature","id":"OHD076773712","geometry":{"type":"Point","coordinates":[-84.437231,39.236111]},"properties":{"id":"OHD076773712","npl":"cleaning"}},{"type":"Feature","id":"NVD980813646","geometry":{"type":"Point","coordinates":[-119.5892,39.23195]},"properties":{"id":"NVD980813646","npl":"listed"}},{"type":"Feature","id":"CAD983618893","geometry":{"type":"Point","coordinates":[-120.969861,39.228056]},"properties":{"id":"CAD983618893","npl":"listed"}},{"type":"Feature","id":"MDN000305762","geometry":{"type":"Point","coordinates":[-76.491127,39.227598]},"properties":{"id":"MDN000305762","npl":"listed"}},{"type":"Feature","id":"DED980704860","geometry":{"type":"Point","coordinates":[-75.611389,39.227219]},"properties":{"id":"DED980704860","npl":"verified"}},{"type":"Feature","id":"DED980714141","geometry":{"type":"Point","coordinates":[-75.5764,39.2216]},"properties":{"id":"DED980714141","npl":"verified"}},{"type":"Feature","id":"IND006038764","geometry":{"type":"Point","coordinates":[-85.9007,39.2164]},"properties":{"id":"IND006038764","npl":"verified"}},{"type":"Feature","id":"MOD980853519","geometry":{"type":"Point","coordinates":[-94.3925,39.201111]},"properties":{"id":"MOD980853519","npl":"cleaning"}},{"type":"Feature","id":"MD4690307844","geometry":{"type":"Point","coordinates":[-76.572694,39.2]},"properties":{"id":"MD4690307844","npl":"cleaning"}},{"type":"Feature","id":"IND980607626","geometry":{"type":"Point","coordinates":[-85.926,39.1974]},"properties":{"id":"IND980607626","npl":"verified"}},{"type":"Feature","id":"COD980806277","geometry":{"type":"Point","coordinates":[-106.8107,39.191669]},"properties":{"id":"COD980806277","npl":"verified"}},{"type":"Feature","id":"IND006418651","geometry":{"type":"Point","coordinates":[-86.5612,39.1902]},"properties":{"id":"IND006418651","npl":"verified"}},{"type":"Feature","id":"VAD980831796","geometry":{"type":"Point","coordinates":[-78.310429,39.188333]},"properties":{"id":"VAD980831796","npl":"verified"}},{"type":"Feature","id":"INN000508642","geometry":{"type":"Point","coordinates":[-85.930472,39.186075]},"properties":{"id":"INN000508642","npl":"cleaning"}},{"type":"Feature","id":"OHSFN0507973","geometry":{"type":"Point","coordinates":[-84.293786,39.177814]},"properties":{"id":"OHSFN0507973","npl":"listed"}},{"type":"Feature","id":"IND980794341","geometry":{"type":"Point","coordinates":[-86.5598,39.1731]},"properties":{"id":"IND980794341","npl":"verified"}},{"type":"Feature","id":"IND980614556","geometry":{"type":"Point","coordinates":[-86.6405,39.1667]},"properties":{"id":"IND980614556","npl":"verified"}},{"type":"Feature","id":"KS6214020756","geometry":{"type":"Point","coordinates":[-96.75,39.166669]},"properties":{"id":"KS6214020756","npl":"listed"}},{"type":"Feature","id":"MDD064882889","geometry":{"type":"Point","coordinates":[-76.698331,39.163611]},"properties":{"id":"MDD064882889","npl":"verified"}},{"type":"Feature","id":"ILD980606941","geometry":{"type":"Point","coordinates":[-89.476417,39.161167]},"properties":{"id":"ILD980606941","npl":"listed"}},{"type":"Feature","id":"DED980693550","geometry":{"type":"Point","coordinates":[-75.5277,39.1558]},"properties":{"id":"DED980693550","npl":"listed"}},{"type":"Feature","id":"MOD046750253","geometry":{"type":"Point","coordinates":[-94.556111,39.145]},"properties":{"id":"MOD046750253","npl":"listed"}},{"type":"Feature","id":"MOD000829705","geometry":{"type":"Point","coordinates":[-94.4722,39.1279]},"properties":{"id":"MOD000829705","npl":"cleaning"}},{"type":"Feature","id":"DE8570024010","geometry":{"type":"Point","coordinates":[-75.466669,39.127781]},"properties":{"id":"DE8570024010","npl":"cleaning"}},{"type":"Feature","id":"DED980704951","geometry":{"type":"Point","coordinates":[-75.5,39.120831]},"properties":{"id":"DED980704951","npl":"verified"}},{"type":"Feature","id":"ILN000508170","geometry":{"type":"Point","coordinates":[-89.505458,39.118677]},"properties":{"id":"ILN000508170","npl":"listed"}},{"type":"Feature","id":"NJD980529945","geometry":{"type":"Point","coordinates":[-74.8004,39.1173]},"properties":{"id":"NJD980529945","npl":"cleaning"}},{"type":"Feature","id":"CAD063015887","geometry":{"type":"Point","coordinates":[-123.193,39.1125]},"properties":{"id":"CAD063015887","npl":"cleaning"}},{"type":"Feature","id":"MO3213890012","geometry":{"type":"Point","coordinates":[-94.2783,39.103]},"properties":{"id":"MO3213890012","npl":"listed"}},{"type":"Feature","id":"KSD007135429","geometry":{"type":"Point","coordinates":[-95.726111,39.086939]},"properties":{"id":"KSD007135429","npl":"verified"}},{"type":"Feature","id":"MD9210020567","geometry":{"type":"Point","coordinates":[-76.715278,39.083333]},"properties":{"id":"MD9210020567","npl":"listed"}},{"type":"Feature","id":"KYD985066380","geometry":{"type":"Point","coordinates":[-84.491228,39.070725]},"properties":{"id":"KYD985066380","npl":"verified"}},{"type":"Feature","id":"VAD980829030","geometry":{"type":"Point","coordinates":[-77.424175,39.056131]},"properties":{"id":"VAD980829030","npl":"listed"}},{"type":"Feature","id":"KSD980632301","geometry":{"type":"Point","coordinates":[-94.8,39.033331]},"properties":{"id":"KSD980632301","npl":"cleaning"}},{"type":"Feature","id":"MDD980705099","geometry":{"type":"Point","coordinates":[-76.467145,39.031004]},"properties":{"id":"MDD980705099","npl":"verified"}},{"type":"Feature","id":"MD0120508940","geometry":{"type":"Point","coordinates":[-76.884583,39.029166]},"properties":{"id":"MD0120508940","npl":"listed"}},{"type":"Feature","id":"CAD980893275","geometry":{"type":"Point","coordinates":[-122.6703,39.00555]},"properties":{"id":"CAD980893275","npl":"listed"}},{"type":"Feature","id":"NVD083917252","geometry":{"type":"Point","coordinates":[-119.187067,38.990272]},"properties":{"id":"NVD083917252","npl":"proposed"}},{"type":"Feature","id":"WVSFN0305428","geometry":{"type":"Point","coordinates":[-81.761667,38.951667]},"properties":{"id":"WVSFN0305428","npl":"cleaning"}},{"type":"Feature","id":"IND040313017","geometry":{"type":"Point","coordinates":[-85.9213,38.9352]},"properties":{"id":"IND040313017","npl":"cleaning"}},{"type":"Feature","id":"WVD980713036","geometry":{"type":"Point","coordinates":[-82.076389,38.926389]},"properties":{"id":"WVD980713036","npl":"listed"}},{"type":"Feature","id":"VAD070358684","geometry":{"type":"Point","coordinates":[-78.211669,38.925561]},"properties":{"id":"VAD070358684","npl":"cleaning"}},{"type":"Feature","id":"MOD980685838","geometry":{"type":"Point","coordinates":[-90.926939,38.92445]},"properties":{"id":"MOD980685838","npl":"verified"}},{"type":"Feature","id":"CO0002378230","geometry":{"type":"Point","coordinates":[-107.07389,38.879167]},"properties":{"id":"CO0002378230","npl":"listed"}},{"type":"Feature","id":"KSD031349624","geometry":{"type":"Point","coordinates":[-94.805556,38.878194]},"properties":{"id":"KSD031349624","npl":"cleaning"}},{"type":"Feature","id":"DC9170024310","geometry":{"type":"Point","coordinates":[-76.9875,38.875]},"properties":{"id":"DC9170024310","npl":"listed"}},{"type":"Feature","id":"ILD048843809","geometry":{"type":"Point","coordinates":[-90.098,38.799]},"properties":{"id":"ILD048843809","npl":"listed"}},{"type":"Feature","id":"MD0570024000","geometry":{"type":"Point","coordinates":[-76.875,38.791667]},"properties":{"id":"MD0570024000","npl":"listed"}},{"type":"Feature","id":"CAD000074120","geometry":{"type":"Point","coordinates":[-123.0109,38.784]},"properties":{"id":"CAD000074120","npl":"verified"}},{"type":"Feature","id":"MOD079900932","geometry":{"type":"Point","coordinates":[-90.445269,38.77]},"properties":{"id":"MOD079900932","npl":"listed"}},{"type":"Feature","id":"MOD980633176","geometry":{"type":"Point","coordinates":[-90.360419,38.759719]},"properties":{"id":"MOD980633176","npl":"listed"}},{"type":"Feature","id":"ILD042671248","geometry":{"type":"Point","coordinates":[-87.682222,38.715556]},"properties":{"id":"ILD042671248","npl":"listed"}},{"type":"Feature","id":"ILD006282479","geometry":{"type":"Point","coordinates":[-90.1525,38.708333]},"properties":{"id":"ILD006282479","npl":"cleaning"}},{"type":"Feature","id":"CAD980673685","geometry":{"type":"Point","coordinates":[-119.656111,38.703889]},"properties":{"id":"CAD980673685","npl":"listed"}},{"type":"Feature","id":"MD9570024803","geometry":{"type":"Point","coordinates":[-76.845,38.698056]},"properties":{"id":"MD9570024803","npl":"listed"}},{"type":"Feature","id":"MO3210090004","geometry":{"type":"Point","coordinates":[-90.724999,38.696944]},"properties":{"id":"MO3210090004","npl":"cleaning"}},{"type":"Feature","id":"MO5210021288","geometry":{"type":"Point","coordinates":[-90.729161,38.696389]},"properties":{"id":"MO5210021288","npl":"cleaning"}},{"type":"Feature","id":"KS0001402320","geometry":{"type":"Point","coordinates":[-96.811583,38.696122]},"properties":{"id":"KS0001402320","npl":"proposed"}},{"type":"Feature","id":"ILD096731468","geometry":{"type":"Point","coordinates":[-90.158331,38.695]},"properties":{"id":"ILD096731468","npl":"cleaning"}},{"type":"Feature","id":"DEN000304167","geometry":{"type":"Point","coordinates":[-75.383985,38.693399]},"properties":{"id":"DEN000304167","npl":"listed"}},{"type":"Feature","id":"IND006377048","geometry":{"type":"Point","coordinates":[-87.501661,38.691669]},"properties":{"id":"IND006377048","npl":"cleaning"}},{"type":"Feature","id":"CA4570024337","geometry":{"type":"Point","coordinates":[-121.3994,38.66]},"properties":{"id":"CA4570024337","npl":"listed"}},{"type":"Feature","id":"IL0000034355","geometry":{"type":"Point","coordinates":[-90.099,38.648]},"properties":{"id":"IL0000034355","npl":"listed"}},{"type":"Feature","id":"DEN000304203","geometry":{"type":"Point","coordinates":[-75.610467,38.631644]},"properties":{"id":"DEN000304203","npl":"listed"}},{"type":"Feature","id":"MOD981720246","geometry":{"type":"Point","coordinates":[-91.214722,38.613889]},"properties":{"id":"MOD981720246","npl":"listed"}},{"type":"Feature","id":"ILD053980454","geometry":{"type":"Point","coordinates":[-89.108251,38.613061]},"properties":{"id":"ILD053980454","npl":"listed"}},{"type":"Feature","id":"ILD050231976","geometry":{"type":"Point","coordinates":[-89.420833,38.608333]},"properties":{"id":"ILD050231976","npl":"proposed"}},{"type":"Feature","id":"CAD980358832","geometry":{"type":"Point","coordinates":[-121.2,38.608331]},"properties":{"id":"CAD980358832","npl":"listed"}},{"type":"Feature","id":"MOD980633010","geometry":{"type":"Point","coordinates":[-90.618331,38.603331]},"properties":{"id":"MOD980633010","npl":"cleaning"}},{"type":"Feature","id":"ILD000605790","geometry":{"type":"Point","coordinates":[-90.182222,38.597361]},"properties":{"id":"ILD000605790","npl":"proposed"}},{"type":"Feature","id":"CAD980737613","geometry":{"type":"Point","coordinates":[-121.5033,38.591669]},"properties":{"id":"CAD980737613","npl":"verified"}},{"type":"Feature","id":"MD7170024684","geometry":{"type":"Point","coordinates":[-77.174306,38.591389]},"properties":{"id":"MD7170024684","npl":"listed"}},{"type":"Feature","id":"DEN000306645","geometry":{"type":"Point","coordinates":[-75.298061,38.588158]},"properties":{"id":"DEN000306645","npl":"proposed"}},{"type":"Feature","id":"ILD980792006","geometry":{"type":"Point","coordinates":[-90.172917,38.585833]},"properties":{"id":"ILD980792006","npl":"proposed"}},{"type":"Feature","id":"DED043958388","geometry":{"type":"Point","coordinates":[-75.283061,38.5775]},"properties":{"id":"DED043958388","npl":"cleaning"}},{"type":"Feature","id":"OHD980509947","geometry":{"type":"Point","coordinates":[-82.75555,38.5725]},"properties":{"id":"OHD980509947","npl":"cleaning"}},{"type":"Feature","id":"CA8570024143","geometry":{"type":"Point","coordinates":[-121.2972,38.55695]},"properties":{"id":"CA8570024143","npl":"cleaning"}},{"type":"Feature","id":"CAD071530380","geometry":{"type":"Point","coordinates":[-121.673333,38.553055]},"properties":{"id":"CAD071530380","npl":"cleaning"}},{"type":"Feature","id":"MOD980968341","geometry":{"type":"Point","coordinates":[-90.466669,38.552781]},"properties":{"id":"MOD980968341","npl":"cleaning"}},{"type":"Feature","id":"COD983769738","geometry":{"type":"Point","coordinates":[-106.026944,38.551944]},"properties":{"id":"COD983769738","npl":"proposed"}},{"type":"Feature","id":"MON000703541","geometry":{"type":"Point","coordinates":[-91.00668,38.5519]},"properties":{"id":"MON000703541","npl":"listed"}},{"type":"Feature","id":"DED980494637","geometry":{"type":"Point","coordinates":[-75.614169,38.535]},"properties":{"id":"DED980494637","npl":"verified"}},{"type":"Feature","id":"VA1170024722","geometry":{"type":"Point","coordinates":[-77.29,38.521667]},"properties":{"id":"VA1170024722","npl":"listed"}},{"type":"Feature","id":"CA0210020780","geometry":{"type":"Point","coordinates":[-121.3958,38.520281]},"properties":{"id":"CA0210020780","npl":"cleaning"}},{"type":"Feature","id":"CA2890190000","geometry":{"type":"Point","coordinates":[-121.75125,38.51875]},"properties":{"id":"CA2890190000","npl":"listed"}},{"type":"Feature","id":"MOD980685226","geometry":{"type":"Point","coordinates":[-90.601669,38.508339]},"properties":{"id":"MOD980685226","npl":"verified"}},{"type":"Feature","id":"OHD043730217","geometry":{"type":"Point","coordinates":[-82.658,38.5057]},"properties":{"id":"OHD043730217","npl":"cleaning"}},{"type":"Feature","id":"VAD059165282","geometry":{"type":"Point","coordinates":[-77.96,38.483331]},"properties":{"id":"VAD059165282","npl":"listed"}},{"type":"Feature","id":"MOD980741912","geometry":{"type":"Point","coordinates":[-90.48,38.44]},"properties":{"id":"MOD980741912","npl":"cleaning"}},{"type":"Feature","id":"OHD071650592","geometry":{"type":"Point","coordinates":[-82.591669,38.4375]},"properties":{"id":"OHD071650592","npl":"cleaning"}},{"type":"Feature","id":"WVD047989207","geometry":{"type":"Point","coordinates":[-81.8425,38.426669]},"properties":{"id":"WVD047989207","npl":"listed"}},{"type":"Feature","id":"COD042167858","geometry":{"type":"Point","coordinates":[-105.2333,38.4]},"properties":{"id":"COD042167858","npl":"listed"}},{"type":"Feature","id":"COD007063274","geometry":{"type":"Point","coordinates":[-108.7483,38.366661]},"properties":{"id":"COD007063274","npl":"cleaning"}},{"type":"Feature","id":"MDD980704852","geometry":{"type":"Point","coordinates":[-76.5882,38.3589]},"properties":{"id":"MDD980704852","npl":"verified"}},{"type":"Feature","id":"CAD983650011","geometry":{"type":"Point","coordinates":[-120.78575,38.353333]},"properties":{"id":"CAD983650011","npl":"listed"}},{"type":"Feature","id":"KSD065735912","geometry":{"type":"Point","coordinates":[-98.84946,38.346542]},"properties":{"id":"KSD065735912","npl":"listed"}},{"type":"Feature","id":"VA7170024684","geometry":{"type":"Point","coordinates":[-77.026944,38.326667]},"properties":{"id":"VA7170024684","npl":"listed"}},{"type":"Feature","id":"KYD981469794","geometry":{"type":"Point","coordinates":[-85.4654,38.2881]},"properties":{"id":"KYD981469794","npl":"verified"}},{"type":"Feature","id":"MD7170024536","geometry":{"type":"Point","coordinates":[-76.419444,38.270694]},"properties":{"id":"MD7170024536","npl":"listed"}},{"type":"Feature","id":"CA5570024575","geometry":{"type":"Point","coordinates":[-121.9332,38.26445]},"properties":{"id":"CA5570024575","npl":"listed"}},{"type":"Feature","id":"KYD980729107","geometry":{"type":"Point","coordinates":[-83.5692,38.2608]},"properties":{"id":"KYD980729107","npl":"cleaning"}},{"type":"Feature","id":"CON000802700","geometry":{"type":"Point","coordinates":[-104.608,38.2491]},"properties":{"id":"CON000802700","npl":"listed"}},{"type":"Feature","id":"VAD007972482","geometry":{"type":"Point","coordinates":[-77.4325,38.236111]},"properties":{"id":"VAD007972482","npl":"listed"}},{"type":"Feature","id":"CAD981171523","geometry":{"type":"Point","coordinates":[-122.5931,38.2332]},"properties":{"id":"CAD981171523","npl":"verified"}},{"type":"Feature","id":"MOD981717036","geometry":{"type":"Point","coordinates":[-91.149461,38.220972]},"properties":{"id":"MOD981717036","npl":"listed"}},{"type":"Feature","id":"KYD980557052","geometry":{"type":"Point","coordinates":[-85.883061,38.191111]},"properties":{"id":"KYD980557052","npl":"verified"}},{"type":"Feature","id":"MON000705803","geometry":{"type":"Point","coordinates":[-91.944158,38.189597]},"properties":{"id":"MON000705803","npl":"listed"}},{"type":"Feature","id":"MON000705443","geometry":{"type":"Point","coordinates":[-90.758975,38.186794]},"properties":{"id":"MON000705443","npl":"listed"}},{"type":"Feature","id":"MON000705032","geometry":{"type":"Point","coordinates":[-90.814264,38.16615]},"properties":{"id":"MON000705032","npl":"listed"}},{"type":"Feature","id":"VAD042916361","geometry":{"type":"Point","coordinates":[-76.791111,38.086669]},"properties":{"id":"VAD042916361","npl":"cleaning"}},{"type":"Feature","id":"KYD980500961","geometry":{"type":"Point","coordinates":[-85.725,38.081939]},"properties":{"id":"KYD980500961","npl":"verified"}},{"type":"Feature","id":"MON000705027","geometry":{"type":"Point","coordinates":[-90.738333,38.075278]},"properties":{"id":"MON000705027","npl":"listed"}},{"type":"Feature","id":"KSD980631766","geometry":{"type":"Point","coordinates":[-97.851389,38.063889]},"properties":{"id":"KSD980631766","npl":"cleaning"}},{"type":"Feature","id":"CA7170024528","geometry":{"type":"Point","coordinates":[-122,38.049444]},"properties":{"id":"CA7170024528","npl":"listed"}},{"type":"Feature","id":"KYD981028350","geometry":{"type":"Point","coordinates":[-85.768331,38.047781]},"properties":{"id":"KYD981028350","npl":"cleaning"}},{"type":"Feature","id":"VAD003125374","geometry":{"type":"Point","coordinates":[-78.786389,38.044719]},"properties":{"id":"VAD003125374","npl":"cleaning"}},{"type":"Feature","id":"KYD97267413","geometry":{"type":"Point","coordinates":[-85.733331,38.0375]},"properties":{"id":"KYD97267413","npl":"cleaning"}},{"type":"Feature","id":"KYD980601975","geometry":{"type":"Point","coordinates":[-85.931111,38.006939]},"properties":{"id":"KYD980601975","npl":"cleaning"}},{"type":"Feature","id":"KYD980602155","geometry":{"type":"Point","coordinates":[-85.951389,37.989719]},"properties":{"id":"KYD980602155","npl":"cleaning"}},{"type":"Feature","id":"INN000508142","geometry":{"type":"Point","coordinates":[-87.563989,37.979297]},"properties":{"id":"INN000508142","npl":"listed"}},{"type":"Feature","id":"WVD988768909","geometry":{"type":"Point","coordinates":[-81.1265,37.97651]},"properties":{"id":"WVD988768909","npl":"listed"}},{"type":"Feature","id":"CAD009106527","geometry":{"type":"Point","coordinates":[-121.306635,37.947851]},"properties":{"id":"CAD009106527","npl":"listed"}},{"type":"Feature","id":"KYD49062375","geometry":{"type":"Point","coordinates":[-86.787778,37.944999]},"properties":{"id":"KYD49062375","npl":"verified"}},{"type":"Feature","id":"MON000705023","geometry":{"type":"Point","coordinates":[-90.7724,37.9399]},"properties":{"id":"MON000705023","npl":"listed"}},{"type":"Feature","id":"CAD981436363","geometry":{"type":"Point","coordinates":[-122.3654,37.9226]},"properties":{"id":"CAD981436363","npl":"listed"}},{"type":"Feature","id":"KSN000705026","geometry":{"type":"Point","coordinates":[-95.3859,37.92228]},"properties":{"id":"KSN000705026","npl":"listed"}},{"type":"Feature","id":"CAT000646208","geometry":{"type":"Point","coordinates":[-122.325,37.908333]},"properties":{"id":"CAT000646208","npl":"verified"}},{"type":"Feature","id":"CON000802497","geometry":{"type":"Point","coordinates":[-107.616619,37.904031]},"properties":{"id":"CON000802497","npl":"listed"}},{"type":"Feature","id":"KYD980501076","geometry":{"type":"Point","coordinates":[-86.973611,37.88945]},"properties":{"id":"KYD980501076","npl":"cleaning"}},{"type":"Feature","id":"MOD981126899","geometry":{"type":"Point","coordinates":[-90.55,37.886389]},"properties":{"id":"MOD981126899","npl":"listed"}},{"type":"Feature","id":"CON000802630","geometry":{"type":"Point","coordinates":[-106.94,37.870833]},"properties":{"id":"CON000802630","npl":"listed"}},{"type":"Feature","id":"UTD980667208","geometry":{"type":"Point","coordinates":[-109.333611,37.863889]},"properties":{"id":"UTD980667208","npl":"verified"}},{"type":"Feature","id":"UT3890090035","geometry":{"type":"Point","coordinates":[-109.3483,37.863331]},"properties":{"id":"UT3890090035","npl":"cleaning"}},{"type":"Feature","id":"KSD000829846","geometry":{"type":"Point","coordinates":[-96.8574,37.8438]},"properties":{"id":"KSD000829846","npl":"cleaning"}},{"type":"Feature","id":"MON000705842","geometry":{"type":"Point","coordinates":[-90.799556,37.840531]},"properties":{"id":"MON000705842","npl":"listed"}},{"type":"Feature","id":"CA8210020832","geometry":{"type":"Point","coordinates":[-121.2672,37.829169]},"properties":{"id":"CA8210020832","npl":"cleaning"}},{"type":"Feature","id":"CA0001576081","geometry":{"type":"Point","coordinates":[-122.29375,37.8025]},"properties":{"id":"CA0001576081","npl":"listed"}},{"type":"Feature","id":"VAD077923449","geometry":{"type":"Point","coordinates":[-79.861667,37.800278]},"properties":{"id":"VAD077923449","npl":"cleaning"}},{"type":"Feature","id":"CA2170023236","geometry":{"type":"Point","coordinates":[-122.33,37.788889]},"properties":{"id":"CA2170023236","npl":"listed"}},{"type":"Feature","id":"KSD984985929","geometry":{"type":"Point","coordinates":[-99.888889,37.780556]},"properties":{"id":"KSD984985929","npl":"cleaning"}},{"type":"Feature","id":"KSD981710247","geometry":{"type":"Point","coordinates":[-97.316667,37.775]},"properties":{"id":"KSD981710247","npl":"cleaning"}},{"type":"Feature","id":"KSD980631980","geometry":{"type":"Point","coordinates":[-97.3156,37.7371]},"properties":{"id":"KSD980631980","npl":"verified"}},{"type":"Feature","id":"KSD007241656","geometry":{"type":"Point","coordinates":[-97.3266,37.7336]},"properties":{"id":"KSD007241656","npl":"verified"}},{"type":"Feature","id":"KSD980686174","geometry":{"type":"Point","coordinates":[-97.400831,37.726111]},"properties":{"id":"KSD980686174","npl":"verified"}},{"type":"Feature","id":"VAD980539878","geometry":{"type":"Point","coordinates":[-77.5857,37.7243]},"properties":{"id":"VAD980539878","npl":"cleaning"}},{"type":"Feature","id":"CA1170090087","geometry":{"type":"Point","coordinates":[-122.36732,37.72229]},"properties":{"id":"CA1170090087","npl":"listed"}},{"type":"Feature","id":"CA7210020759","geometry":{"type":"Point","coordinates":[-120.9181,37.71695]},"properties":{"id":"CA7210020759","npl":"cleaning"}},{"type":"Feature","id":"CA4971520834","geometry":{"type":"Point","coordinates":[-121.3911,37.715281]},"properties":{"id":"CA4971520834","npl":"cleaning"}},{"type":"Feature","id":"VAD980705404","geometry":{"type":"Point","coordinates":[-79.016669,37.708331]},"properties":{"id":"VAD980705404","npl":"cleaning"}},{"type":"Feature","id":"IL8143609487","geometry":{"type":"Point","coordinates":[-89.014722,37.693194]},"properties":{"id":"IL8143609487","npl":"listed"}},{"type":"Feature","id":"CA2890012584","geometry":{"type":"Point","coordinates":[-121.7047,37.688061]},"properties":{"id":"CA2890012584","npl":"cleaning"}},{"type":"Feature","id":"KYD980501191","geometry":{"type":"Point","coordinates":[-86.1242,37.6685]},"properties":{"id":"KYD980501191","npl":"verified"}},{"type":"Feature","id":"CAD981997752","geometry":{"type":"Point","coordinates":[-120.9964,37.6591]},"properties":{"id":"CAD981997752","npl":"listed"}},{"type":"Feature","id":"CA2890090002","geometry":{"type":"Point","coordinates":[-121.576667,37.644306]},"properties":{"id":"CA2890090002","npl":"listed"}},{"type":"Feature","id":"VAD071040752","geometry":{"type":"Point","coordinates":[-77.503611,37.635831]},"properties":{"id":"VAD071040752","npl":"cleaning"}},{"type":"Feature","id":"MOD098633415","geometry":{"type":"Point","coordinates":[-90.276111,37.546111]},"properties":{"id":"MOD098633415","npl":"listed"}},{"type":"Feature","id":"KYD980844625","geometry":{"type":"Point","coordinates":[-86.702769,37.538889]},"properties":{"id":"KYD980844625","npl":"verified"}},{"type":"Feature","id":"VAD089027973","geometry":{"type":"Point","coordinates":[-78.516669,37.514169]},"properties":{"id":"VAD089027973","npl":"cleaning"}},{"type":"Feature","id":"CAD063020143","geometry":{"type":"Point","coordinates":[-120.8239,37.4727]},"properties":{"id":"CAD063020143","npl":"cleaning"}},{"type":"Feature","id":"KYD980501019","geometry":{"type":"Point","coordinates":[-87.156111,37.44625]},"properties":{"id":"KYD980501019","npl":"verified"}},{"type":"Feature","id":"COD983778432","geometry":{"type":"Point","coordinates":[-106.585,37.43]},"properties":{"id":"COD983778432","npl":"cleaning"}},{"type":"Feature","id":"CAD980894885","geometry":{"type":"Point","coordinates":[-121.9811,37.429861]},"properties":{"id":"CAD980894885","npl":"cleaning"}},{"type":"Feature","id":"CAD980884209","geometry":{"type":"Point","coordinates":[-122.1434,37.4214]},"properties":{"id":"CAD980884209","npl":"cleaning"}},{"type":"Feature","id":"VA3971520751","geometry":{"type":"Point","coordinates":[-77.4485,37.4189]},"properties":{"id":"VA3971520751","npl":"listed"}},{"type":"Feature","id":"VAD049957913","geometry":{"type":"Point","coordinates":[-77.415,37.418]},"properties":{"id":"VAD049957913","npl":"verified"}},{"type":"Feature","id":"CAD009212838","geometry":{"type":"Point","coordinates":[-122.0872,37.4165]},"properties":{"id":"CAD009212838","npl":"cleaning"}},{"type":"Feature","id":"CA2170090078","geometry":{"type":"Point","coordinates":[-122.0522,37.411389]},"properties":{"id":"CA2170090078","npl":"listed"}},{"type":"Feature","id":"CAD009111444","geometry":{"type":"Point","coordinates":[-122.0797,37.4108]},"properties":{"id":"CAD009111444","npl":"cleaning"}},{"type":"Feature","id":"CAD009138488","geometry":{"type":"Point","coordinates":[-122.0786,37.40805]},"properties":{"id":"CAD009138488","npl":"cleaning"}},{"type":"Feature","id":"CAD095989778","geometry":{"type":"Point","coordinates":[-122.0542,37.4012]},"properties":{"id":"CAD095989778","npl":"cleaning"}},{"type":"Feature","id":"CAD009103318","geometry":{"type":"Point","coordinates":[-122.0882,37.3988]},"properties":{"id":"CAD009103318","npl":"verified"}},{"type":"Feature","id":"CAD009205097","geometry":{"type":"Point","coordinates":[-122.0533,37.3975]},"properties":{"id":"CAD009205097","npl":"cleaning"}},{"type":"Feature","id":"CAD061620217","geometry":{"type":"Point","coordinates":[-122.0566,37.3962]},"properties":{"id":"CAD061620217","npl":"cleaning"}},{"type":"Feature","id":"CAT080034234","geometry":{"type":"Point","coordinates":[-122.0066,37.3868]},"properties":{"id":"CAT080034234","npl":"cleaning"}},{"type":"Feature","id":"CAD009159088","geometry":{"type":"Point","coordinates":[-122.0085,37.3846]},"properties":{"id":"CAD009159088","npl":"cleaning"}},{"type":"Feature","id":"CAD048634059","geometry":{"type":"Point","coordinates":[-122.0086,37.3825]},"properties":{"id":"CAD048634059","npl":"cleaning"}},{"type":"Feature","id":"CAD049236201","geometry":{"type":"Point","coordinates":[-121.9968,37.3816]},"properties":{"id":"CAD049236201","npl":"cleaning"}},{"type":"Feature","id":"CAD001864081","geometry":{"type":"Point","coordinates":[-122.0225,37.3787]},"properties":{"id":"CAD001864081","npl":"cleaning"}},{"type":"Feature","id":"CAD042728840","geometry":{"type":"Point","coordinates":[-121.9777,37.3777]},"properties":{"id":"CAD042728840","npl":"cleaning"}},{"type":"Feature","id":"CAD990832735","geometry":{"type":"Point","coordinates":[-121.9719,37.3773]},"properties":{"id":"CAD990832735","npl":"cleaning"}},{"type":"Feature","id":"CAD092212497","geometry":{"type":"Point","coordinates":[-121.9801,37.3756]},"properties":{"id":"CAD092212497","npl":"cleaning"}},{"type":"Feature","id":"CAD041472986","geometry":{"type":"Point","coordinates":[-121.9989,37.375281]},"properties":{"id":"CAD041472986","npl":"cleaning"}},{"type":"Feature","id":"CAT000612184","geometry":{"type":"Point","coordinates":[-121.9717,37.3737]},"properties":{"id":"CAT000612184","npl":"verified"}},{"type":"Feature","id":"CA3570024551","geometry":{"type":"Point","coordinates":[-120.5636,37.367361]},"properties":{"id":"CA3570024551","npl":"cleaning"}},{"type":"Feature","id":"MO0000958611","geometry":{"type":"Point","coordinates":[-90.675,37.355556]},"properties":{"id":"MO0000958611","npl":"verified"}},{"type":"Feature","id":"MOD980631113","geometry":{"type":"Point","coordinates":[-89.489444,37.339611]},"properties":{"id":"MOD980631113","npl":"verified"}},{"type":"Feature","id":"CAD041472341","geometry":{"type":"Point","coordinates":[-122.0015,37.3361]},"properties":{"id":"CAD041472341","npl":"cleaning"}},{"type":"Feature","id":"CAD029295706","geometry":{"type":"Point","coordinates":[-121.8644,37.318611]},"properties":{"id":"CAD029295706","npl":"cleaning"}},{"type":"Feature","id":"KSN000706550","geometry":{"type":"Point","coordinates":[-94.771806,37.31375]},"properties":{"id":"KSN000706550","npl":"listed"}},{"type":"Feature","id":"MOD980965982","geometry":{"type":"Point","coordinates":[-89.555056,37.28625]},"properties":{"id":"MOD980965982","npl":"cleaning"}},{"type":"Feature","id":"VA3170024605","geometry":{"type":"Point","coordinates":[-76.6075,37.284722]},"properties":{"id":"VA3170024605","npl":"listed"}},{"type":"Feature","id":"MOD980631139","geometry":{"type":"Point","coordinates":[-93.3125,37.273056]},"properties":{"id":"MOD980631139","npl":"cleaning"}},{"type":"Feature","id":"MOD007163108","geometry":{"type":"Point","coordinates":[-93.317781,37.271389]},"properties":{"id":"MOD007163108","npl":"verified"}},{"type":"Feature","id":"VAD980552095","geometry":{"type":"Point","coordinates":[-80.193611,37.259719]},"properties":{"id":"VAD980552095","npl":"verified"}},{"type":"Feature","id":"ILD980996789","geometry":{"type":"Point","coordinates":[-89.4635,37.2584]},"properties":{"id":"ILD980996789","npl":"verified"}},{"type":"Feature","id":"VAD980712970","geometry":{"type":"Point","coordinates":[-80.1675,37.2569]},"properties":{"id":"VAD980712970","npl":"verified"}},{"type":"Feature","id":"VA8170024170","geometry":{"type":"Point","coordinates":[-76.588889,37.245833]},"properties":{"id":"VA8170024170","npl":"listed"}},{"type":"Feature","id":"CAD097012298","geometry":{"type":"Point","coordinates":[-121.7748,37.2326]},"properties":{"id":"CAD097012298","npl":"cleaning"}},{"type":"Feature","id":"VAD980712913","geometry":{"type":"Point","coordinates":[-76.4631,37.177]},"properties":{"id":"VAD980712913","npl":"cleaning"}},{"type":"Feature","id":"KSD980862726","geometry":{"type":"Point","coordinates":[-97.031939,37.170831]},"properties":{"id":"KSD980862726","npl":"cleaning"}},{"type":"Feature","id":"KY8890008982","geometry":{"type":"Point","coordinates":[-88.811111,37.120138]},"properties":{"id":"KY8890008982","npl":"listed"}},{"type":"Feature","id":"MOD980854111","geometry":{"type":"Point","coordinates":[-93.480281,37.118061]},"properties":{"id":"MOD980854111","npl":"cleaning"}},{"type":"Feature","id":"MON000706143","geometry":{"type":"Point","coordinates":[-93.083168,37.109009]},"properties":{"id":"MON000706143","npl":"listed"}},{"type":"Feature","id":"VA6210020321","geometry":{"type":"Point","coordinates":[-76.568332,37.105]},"properties":{"id":"VA6210020321","npl":"listed"}},{"type":"Feature","id":"MOD980686281","geometry":{"type":"Point","coordinates":[-94.420561,37.101111]},"properties":{"id":"MOD980686281","npl":"listed"}},{"type":"Feature","id":"VA2800005033","geometry":{"type":"Point","coordinates":[-76.358611,37.069999]},"properties":{"id":"VA2800005033","npl":"listed"}},{"type":"Feature","id":"KSD980500789","geometry":{"type":"Point","coordinates":[-97.051669,37.051669]},"properties":{"id":"KSD980500789","npl":"verified"}},{"type":"Feature","id":"CAD980893234","geometry":{"type":"Point","coordinates":[-122.029028,37.051111]},"properties":{"id":"CAD980893234","npl":"cleaning"}},{"type":"Feature","id":"KYD6370167","geometry":{"type":"Point","coordinates":[-88.3234,37.0503]},"properties":{"id":"KYD6370167","npl":"cleaning"}},{"type":"Feature","id":"KYD41981010","geometry":{"type":"Point","coordinates":[-88.3225,37.0496]},"properties":{"id":"KYD41981010","npl":"verified"}},{"type":"Feature","id":"MOD985798339","geometry":{"type":"Point","coordinates":[-94.473056,37.044722]},"properties":{"id":"MOD985798339","npl":"cleaning"}},{"type":"Feature","id":"KSN000703396","geometry":{"type":"Point","coordinates":[-95.934889,37.013136]},"properties":{"id":"KSN000703396","npl":"listed"}},{"type":"Feature","id":"KSD980741862","geometry":{"type":"Point","coordinates":[-94.823889,37.003889]},"properties":{"id":"KSD980741862","npl":"listed"}},{"type":"Feature","id":"MOD981507585","geometry":{"type":"Point","coordinates":[-94.3848,36.9921]},"properties":{"id":"MOD981507585","npl":"listed"}},{"type":"Feature","id":"MOD007452154","geometry":{"type":"Point","coordinates":[-93.798331,36.965]},"properties":{"id":"MOD007452154","npl":"cleaning"}},{"type":"Feature","id":"MOD980860555","geometry":{"type":"Point","coordinates":[-89.557219,36.96305]},"properties":{"id":"MOD980860555","npl":"cleaning"}},{"type":"Feature","id":"OKD980629844","geometry":{"type":"Point","coordinates":[-94.841914,36.943603]},"properties":{"id":"OKD980629844","npl":"listed"}},{"type":"Feature","id":"VA6170061463","geometry":{"type":"Point","coordinates":[-76.300278,36.940278]},"properties":{"id":"VA6170061463","npl":"cleaning"}},{"type":"Feature","id":"VA5170022482","geometry":{"type":"Point","coordinates":[-76.147778,36.906111]},"properties":{"id":"VA5170022482","npl":"cleaning"}},{"type":"Feature","id":"VAD123933426","geometry":{"type":"Point","coordinates":[-76.434722,36.899722]},"properties":{"id":"VAD123933426","npl":"listed"}},{"type":"Feature","id":"VAD003127578","geometry":{"type":"Point","coordinates":[-81.783331,36.883339]},"properties":{"id":"VAD003127578","npl":"listed"}},{"type":"Feature","id":"KYD45738291","geometry":{"type":"Point","coordinates":[-86.746389,36.8725]},"properties":{"id":"KYD45738291","npl":"cleaning"}},{"type":"Feature","id":"VAD003117389","geometry":{"type":"Point","coordinates":[-76.581669,36.86055]},"properties":{"id":"VAD003117389","npl":"cleaning"}},{"type":"Feature","id":"KYD985069954","geometry":{"type":"Point","coordinates":[-83.371389,36.843889]},"properties":{"id":"KYD985069954","npl":"cleaning"}},{"type":"Feature","id":"CAD980736284","geometry":{"type":"Point","coordinates":[-119.8094,36.8425]},"properties":{"id":"CAD980736284","npl":"cleaning"}},{"type":"Feature","id":"VAD980551683","geometry":{"type":"Point","coordinates":[-76.3045,36.8265]},"properties":{"id":"VAD980551683","npl":"cleaning"}},{"type":"Feature","id":"VA1170024813","geometry":{"type":"Point","coordinates":[-76.294722,36.821944]},"properties":{"id":"VA1170024813","npl":"listed"}},{"type":"Feature","id":"VAN000306115","geometry":{"type":"Point","coordinates":[-76.308822,36.809464]},"properties":{"id":"VAN000306115","npl":"listed"}},{"type":"Feature","id":"VAD990710410","geometry":{"type":"Point","coordinates":[-76.299,36.8065]},"properties":{"id":"VAD990710410","npl":"listed"}},{"type":"Feature","id":"MO0000958835","geometry":{"type":"Point","coordinates":[-94.390278,36.803056]},"properties":{"id":"MO0000958835","npl":"listed"}},{"type":"Feature","id":"CAD980498455","geometry":{"type":"Point","coordinates":[-121.6186,36.8026]},"properties":{"id":"CAD980498455","npl":"listed"}},{"type":"Feature","id":"VA5170000181","geometry":{"type":"Point","coordinates":[-76.312222,36.794167]},"properties":{"id":"VA5170000181","npl":"cleaning"}},{"type":"Feature","id":"KYD6371074","geometry":{"type":"Point","coordinates":[-88.6358,36.7906]},"properties":{"id":"KYD6371074","npl":"verified"}},{"type":"Feature","id":"CAD009106220","geometry":{"type":"Point","coordinates":[-119.660501,36.764728]},"properties":{"id":"CAD009106220","npl":"verified"}},{"type":"Feature","id":"OKD000829440","geometry":{"type":"Point","coordinates":[-95.995,36.746667]},"properties":{"id":"OKD000829440","npl":"proposed"}},{"type":"Feature","id":"NMD980750020","geometry":{"type":"Point","coordinates":[-108.0921,36.7111]},"properties":{"id":"NMD980750020","npl":"cleaning"}},{"type":"Feature","id":"CAD980636914","geometry":{"type":"Point","coordinates":[-119.8261,36.704169]},"properties":{"id":"CAD980636914","npl":"listed"}},{"type":"Feature","id":"NMD002899094","geometry":{"type":"Point","coordinates":[-105.497706,36.700294]},"properties":{"id":"NMD002899094","npl":"listed"}},{"type":"Feature","id":"CAD980736151","geometry":{"type":"Point","coordinates":[-119.7467,36.6874]},"properties":{"id":"CAD980736151","npl":"cleaning"}},{"type":"Feature","id":"VAD980917983","geometry":{"type":"Point","coordinates":[-76.5839,36.6784]},"properties":{"id":"VAD980917983","npl":"verified"}},{"type":"Feature","id":"VAD980554984","geometry":{"type":"Point","coordinates":[-79.348611,36.665831]},"properties":{"id":"VAD980554984","npl":"verified"}},{"type":"Feature","id":"CA7210020676","geometry":{"type":"Point","coordinates":[-121.75,36.625]},"properties":{"id":"CA7210020676","npl":"listed"}},{"type":"Feature","id":"CAD990793887","geometry":{"type":"Point","coordinates":[-121.5901,36.6249]},"properties":{"id":"CAD990793887","npl":"verified"}},{"type":"Feature","id":"MOD980860522","geometry":{"type":"Point","coordinates":[-89.98,36.603331]},"properties":{"id":"MOD980860522","npl":"cleaning"}},{"type":"Feature","id":"NNN000920223","geometry":{"type":"Point","coordinates":[-109.21772,36.558335]},"properties":{"id":"NNN000920223","npl":"listed"}},{"type":"Feature","id":"CAD029452141","geometry":{"type":"Point","coordinates":[-119.6017,36.556669]},"properties":{"id":"CAD029452141","npl":"cleaning"}},{"type":"Feature","id":"ARD084930148","geometry":{"type":"Point","coordinates":[-93.1964,36.445]},"properties":{"id":"ARD084930148","npl":"cleaning"}},{"type":"Feature","id":"CA0001900463","geometry":{"type":"Point","coordinates":[-120.672511,36.418392]},"properties":{"id":"CA0001900463","npl":"listed"}},{"type":"Feature","id":"NCN000410161","geometry":{"type":"Point","coordinates":[-78.941625,36.416722]},"properties":{"id":"NCN000410161","npl":"listed"}},{"type":"Feature","id":"NCN000409895","geometry":{"type":"Point","coordinates":[-81.324606,36.410011]},"properties":{"id":"NCN000409895","npl":"listed"}},{"type":"Feature","id":"TX0001399435","geometry":{"type":"Point","coordinates":[-100.804722,36.400556]},"properties":{"id":"TX0001399435","npl":"cleaning"}},{"type":"Feature","id":"OKD987096195","geometry":{"type":"Point","coordinates":[-95.848611,36.34625]},"properties":{"id":"OKD987096195","npl":"verified"}},{"type":"Feature","id":"NCD980602163","geometry":{"type":"Point","coordinates":[-78.1661,36.3381]},"properties":{"id":"NCD980602163","npl":"verified"}},{"type":"Feature","id":"CAD980816466","geometry":{"type":"Point","coordinates":[-119.2767,36.333331]},"properties":{"id":"CAD980816466","npl":"verified"}},{"type":"Feature","id":"CAD980496863","geometry":{"type":"Point","coordinates":[-120.5867,36.321669]},"properties":{"id":"CAD980496863","npl":"cleaning"}},{"type":"Feature","id":"CAD980817217","geometry":{"type":"Point","coordinates":[-120.5283,36.31]},"properties":{"id":"CAD980817217","npl":"verified"}},{"type":"Feature","id":"NCD122263825","geometry":{"type":"Point","coordinates":[-78.606389,36.299719]},"properties":{"id":"NCD122263825","npl":"cleaning"}},{"type":"Feature","id":"NC0001606250","geometry":{"type":"Point","coordinates":[-78.6067,36.2972]},"properties":{"id":"NC0001606250","npl":"listed"}},{"type":"Feature","id":"NCD024900987","geometry":{"type":"Point","coordinates":[-80.675236,36.157875]},"properties":{"id":"NCD024900987","npl":"cleaning"}},{"type":"Feature","id":"OKD980748446","geometry":{"type":"Point","coordinates":[-96.101389,36.130831]},"properties":{"id":"OKD980748446","npl":"verified"}},{"type":"Feature","id":"OKD980620983","geometry":{"type":"Point","coordinates":[-96.083339,36.126389]},"properties":{"id":"OKD980620983","npl":"verified"}},{"type":"Feature","id":"ARD059636456","geometry":{"type":"Point","coordinates":[-90.941669,36.105]},"properties":{"id":"ARD059636456","npl":"verified"}},{"type":"Feature","id":"CAD048645444","geometry":{"type":"Point","coordinates":[-119.0201,36.049]},"properties":{"id":"CAD048645444","npl":"verified"}},{"type":"Feature","id":"ARD980864110","geometry":{"type":"Point","coordinates":[-90.575,36.020831]},"properties":{"id":"ARD980864110","npl":"verified"}},{"type":"Feature","id":"NMD986670156","geometry":{"type":"Point","coordinates":[-106.081384,35.9914]},"properties":{"id":"NMD986670156","npl":"cleaning"}},{"type":"Feature","id":"OKD082471988","geometry":{"type":"Point","coordinates":[-96.779722,35.985556]},"properties":{"id":"OKD082471988","npl":"cleaning"}},{"type":"Feature","id":"TND987768587","geometry":{"type":"Point","coordinates":[-84.539381,35.93195]},"properties":{"id":"TND987768587","npl":"listed"}},{"type":"Feature","id":"TN1890090003","geometry":{"type":"Point","coordinates":[-84.390139,35.924719]},"properties":{"id":"TN1890090003","npl":"listed"}},{"type":"Feature","id":"TND98071061","geometry":{"type":"Point","coordinates":[-83.925833,35.919444]},"properties":{"id":"TND98071061","npl":"cleaning"}},{"type":"Feature","id":"TND980844781","geometry":{"type":"Point","coordinates":[-87.353194,35.9025]},"properties":{"id":"TND980844781","npl":"listed"}},{"type":"Feature","id":"NCD003202603","geometry":{"type":"Point","coordinates":[-78.773611,35.901944]},"properties":{"id":"NCD003202603","npl":"listed"}},{"type":"Feature","id":"TN0210020582","geometry":{"type":"Point","coordinates":[-88.696111,35.867781]},"properties":{"id":"TN0210020582","npl":"cleaning"}},{"type":"Feature","id":"NCD003200383","geometry":{"type":"Point","coordinates":[-78.8406,35.8463]},"properties":{"id":"NCD003200383","npl":"cleaning"}},{"type":"Feature","id":"OK0001010917","geometry":{"type":"Point","coordinates":[-96.380193,35.840805]},"properties":{"id":"OK0001010917","npl":"listed"}},{"type":"Feature","id":"NCD980557656","geometry":{"type":"Point","coordinates":[-78.713588,35.801816]},"properties":{"id":"NCD980557656","npl":"cleaning"}},{"type":"Feature","id":"NCD095458527","geometry":{"type":"Point","coordinates":[-80.9163,35.7865]},"properties":{"id":"NCD095458527","npl":"cleaning"}},{"type":"Feature","id":"TNN000410203","geometry":{"type":"Point","coordinates":[-89.118022,35.784153]},"properties":{"id":"TNN000410203","npl":"listed"}},{"type":"Feature","id":"OKD007221831","geometry":{"type":"Point","coordinates":[-95.305086,35.7738]},"properties":{"id":"OKD007221831","npl":"listed"}},{"type":"Feature","id":"NCD062555792","geometry":{"type":"Point","coordinates":[-80.974583,35.713611]},"properties":{"id":"NCD062555792","npl":"cleaning"}},{"type":"Feature","id":"NMD030443303","geometry":{"type":"Point","coordinates":[-108.5,35.643331]},"properties":{"id":"NMD030443303","npl":"cleaning"}},{"type":"Feature","id":"ARD980496186","geometry":{"type":"Point","coordinates":[-91.2255,35.6349]},"properties":{"id":"ARD980496186","npl":"verified"}},{"type":"Feature","id":"NCD991278953","geometry":{"type":"Point","coordinates":[-80.5412,35.6322]},"properties":{"id":"NCD991278953","npl":"cleaning"}},{"type":"Feature","id":"CA1141190578","geometry":{"type":"Point","coordinates":[-120.8967,35.6259]},"properties":{"id":"CA1141190578","npl":"listed"}},{"type":"Feature","id":"NCD095459392","geometry":{"type":"Point","coordinates":[-82.434719,35.625]},"properties":{"id":"NCD095459392","npl":"cleaning"}},{"type":"Feature","id":"TND7018799","geometry":{"type":"Point","coordinates":[-88.8355,35.61]},"properties":{"id":"TND7018799","npl":"cleaning"}},{"type":"Feature","id":"TND987767795","geometry":{"type":"Point","coordinates":[-88.797689,35.6025]},"properties":{"id":"TND987767795","npl":"verified"}},{"type":"Feature","id":"NCD981475932","geometry":{"type":"Point","coordinates":[-77.07445,35.559581]},"properties":{"id":"NCD981475932","npl":"cleaning"}},{"type":"Feature","id":"OKD980620868","geometry":{"type":"Point","coordinates":[-97.414861,35.5025]},"properties":{"id":"OKD980620868","npl":"verified"}},{"type":"Feature","id":"NCD003149556","geometry":{"type":"Point","coordinates":[-82.505953,35.493075]},"properties":{"id":"NCD003149556","npl":"listed"}},{"type":"Feature","id":"TND980729115","geometry":{"type":"Point","coordinates":[-86.784161,35.481389]},"properties":{"id":"TND980729115","npl":"verified"}},{"type":"Feature","id":"OKD980620967","geometry":{"type":"Point","coordinates":[-97.451939,35.47805]},"properties":{"id":"OKD980620967","npl":"verified"}},{"type":"Feature","id":"NCD981026479","geometry":{"type":"Point","coordinates":[-83.004169,35.477781]},"properties":{"id":"NCD981026479","npl":"cleaning"}},{"type":"Feature","id":"OKD980696470","geometry":{"type":"Point","coordinates":[-97.473056,35.470278]},"properties":{"id":"OKD980696470","npl":"verified"}},{"type":"Feature","id":"OKD007188717","geometry":{"type":"Point","coordinates":[-97.478331,35.468331]},"properties":{"id":"OKD007188717","npl":"verified"}},{"type":"Feature","id":"NCD044447589","geometry":{"type":"Point","coordinates":[-82.528358,35.462372]},"properties":{"id":"NCD044447589","npl":"cleaning"}},{"type":"Feature","id":"NCSFN0406989","geometry":{"type":"Point","coordinates":[-83.063889,35.445833]},"properties":{"id":"NCSFN0406989","npl":"cleaning"}},{"type":"Feature","id":"OKN000607147","geometry":{"type":"Point","coordinates":[-95.999803,35.439996]},"properties":{"id":"OKN000607147","npl":"listed"}},{"type":"Feature","id":"OKN000607068","geometry":{"type":"Point","coordinates":[-97.337507,35.435631]},"properties":{"id":"OKN000607068","npl":"listed"}},{"type":"Feature","id":"OK1571724391","geometry":{"type":"Point","coordinates":[-97.401494,35.413973]},"properties":{"id":"OK1571724391","npl":"listed"}},{"type":"Feature","id":"NCD044440303","geometry":{"type":"Point","coordinates":[-80.6093,35.4096]},"properties":{"id":"NCD044440303","npl":"cleaning"}},{"type":"Feature","id":"TND980559033","geometry":{"type":"Point","coordinates":[-88.926389,35.381939]},"properties":{"id":"TND980559033","npl":"cleaning"}},{"type":"Feature","id":"TND980728992","geometry":{"type":"Point","coordinates":[-89.601939,35.359719]},"properties":{"id":"TND980728992","npl":"verified"}},{"type":"Feature","id":"NMD980622773","geometry":{"type":"Point","coordinates":[-108.0348,35.3596]},"properties":{"id":"NMD980622773","npl":"cleaning"}},{"type":"Feature","id":"TX4890110527","geometry":{"type":"Point","coordinates":[-101.563611,35.321944]},"properties":{"id":"TX4890110527","npl":"cleaning"}},{"type":"Feature","id":"TND75453688","geometry":{"type":"Point","coordinates":[-87.758611,35.317638]},"properties":{"id":"TND75453688","npl":"cleaning"}},{"type":"Feature","id":"TND980468557","geometry":{"type":"Point","coordinates":[-89.6577,35.2996]},"properties":{"id":"TND980468557","npl":"cleaning"}},{"type":"Feature","id":"NCD001810365","geometry":{"type":"Point","coordinates":[-81,35.29445]},"properties":{"id":"NCD001810365","npl":"verified"}},{"type":"Feature","id":"NCD980729602","geometry":{"type":"Point","coordinates":[-81.041111,35.275831]},"properties":{"id":"NCD980729602","npl":"cleaning"}},{"type":"Feature","id":"NCD986187128","geometry":{"type":"Point","coordinates":[-81.05125,35.273472]},"properties":{"id":"NCD986187128","npl":"cleaning"}},{"type":"Feature","id":"NCD079044426","geometry":{"type":"Point","coordinates":[-82.411111,35.272222]},"properties":{"id":"NCD079044426","npl":"cleaning"}},{"type":"Feature","id":"NMD007860935","geometry":{"type":"Point","coordinates":[-107.8633,35.243331]},"properties":{"id":"NMD007860935","npl":"cleaning"}},{"type":"Feature","id":"ARD980496368","geometry":{"type":"Point","coordinates":[-94.3525,35.2402]},"properties":{"id":"ARD980496368","npl":"verified"}},{"type":"Feature","id":"NCD986175644","geometry":{"type":"Point","coordinates":[-81.218889,35.231667]},"properties":{"id":"NCD986175644","npl":"cleaning"}},{"type":"Feature","id":"NCD982096653","geometry":{"type":"Point","coordinates":[-80.606806,35.228056]},"properties":{"id":"NCD982096653","npl":"listed"}},{"type":"Feature","id":"TND980728836","geometry":{"type":"Point","coordinates":[-87.361111,35.2275]},"properties":{"id":"TND980728836","npl":"cleaning"}},{"type":"Feature","id":"NCD003446721","geometry":{"type":"Point","coordinates":[-81.528339,35.208889]},"properties":{"id":"NCD003446721","npl":"cleaning"}},{"type":"Feature","id":"CAD052384021","geometry":{"type":"Point","coordinates":[-118.822,35.203061]},"properties":{"id":"CAD052384021","npl":"listed"}},{"type":"Feature","id":"NC0002374445","geometry":{"type":"Point","coordinates":[-81.189852,35.197933]},"properties":{"id":"NC0002374445","npl":"listed"}},{"type":"Feature","id":"TND980558894","geometry":{"type":"Point","coordinates":[-89.979161,35.18555]},"properties":{"id":"TND980558894","npl":"verified"}},{"type":"Feature","id":"TNSFN0407047","geometry":{"type":"Point","coordinates":[-89.751544,35.160111]},"properties":{"id":"TNSFN0407047","npl":"listed"}},{"type":"Feature","id":"NM0007271768","geometry":{"type":"Point","coordinates":[-107.843889,35.155778]},"properties":{"id":"NM0007271768","npl":"cleaning"}},{"type":"Feature","id":"NCD980843346","geometry":{"type":"Point","coordinates":[-79.4472,35.1384]},"properties":{"id":"NCD980843346","npl":"cleaning"}},{"type":"Feature","id":"NMN000607033","geometry":{"type":"Point","coordinates":[-107.347372,35.133728]},"properties":{"id":"NMN000607033","npl":"listed"}},{"type":"Feature","id":"NCD981927502","geometry":{"type":"Point","coordinates":[-79.406669,35.126111]},"properties":{"id":"NCD981927502","npl":"cleaning"}},{"type":"Feature","id":"ARD980496723","geometry":{"type":"Point","coordinates":[-90.169444,35.124444]},"properties":{"id":"ARD980496723","npl":"verified"}},{"type":"Feature","id":"NCN000407447","geometry":{"type":"Point","coordinates":[-79.4025,35.1224]},"properties":{"id":"NCN000407447","npl":"listed"}},{"type":"Feature","id":"ARD035662469","geometry":{"type":"Point","coordinates":[-90.3116,35.1209]},"properties":{"id":"ARD035662469","npl":"verified"}},{"type":"Feature","id":"TNN000402275","geometry":{"type":"Point","coordinates":[-89.945,35.115114]},"properties":{"id":"TNN000402275","npl":"listed"}},{"type":"Feature","id":"TN4210020570","geometry":{"type":"Point","coordinates":[-90.003333,35.093333]},"properties":{"id":"TN4210020570","npl":"cleaning"}},{"type":"Feature","id":"NMD986668911","geometry":{"type":"Point","coordinates":[-106.640611,35.086444]},"properties":{"id":"NMD986668911","npl":"cleaning"}},{"type":"Feature","id":"TND987768546","geometry":{"type":"Point","coordinates":[-89.372499,35.08361]},"properties":{"id":"TND987768546","npl":"verified"}},{"type":"Feature","id":"NMN000622185","geometry":{"type":"Point","coordinates":[-106.603908,35.063833]},"properties":{"id":"NMN000622185","npl":"proposed"}},{"type":"Feature","id":"NCD003188844","geometry":{"type":"Point","coordinates":[-78.845,35.063331]},"properties":{"id":"NCD003188844","npl":"cleaning"}},{"type":"Feature","id":"TND980729172","geometry":{"type":"Point","coordinates":[-85.276389,35.0625]},"properties":{"id":"TND980729172","npl":"verified"}},{"type":"Feature","id":"NCD003188828","geometry":{"type":"Point","coordinates":[-79.020839,35.04945]},"properties":{"id":"NCD003188828","npl":"cleaning"}},{"type":"Feature","id":"TND96070396","geometry":{"type":"Point","coordinates":[-89.548611,35.049167]},"properties":{"id":"TND96070396","npl":"cleaning"}},{"type":"Feature","id":"TNN000407378","geometry":{"type":"Point","coordinates":[-89.685833,35.044444]},"properties":{"id":"TNN000407378","npl":"listed"}},{"type":"Feature","id":"NMD980745558","geometry":{"type":"Point","coordinates":[-106.6411,35.0441]},"properties":{"id":"NMD980745558","npl":"cleaning"}},{"type":"Feature","id":"TND44062222","geometry":{"type":"Point","coordinates":[-89.690411,35.043331]},"properties":{"id":"TND44062222","npl":"cleaning"}},{"type":"Feature","id":"TNN000410124","geometry":{"type":"Point","coordinates":[-89.653469,35.041589]},"properties":{"id":"TNN000410124","npl":"listed"}},{"type":"Feature","id":"NMD980622864","geometry":{"type":"Point","coordinates":[-106.655278,35.033333]},"properties":{"id":"NMD980622864","npl":"cleaning"}},{"type":"Feature","id":"TNN000410686","geometry":{"type":"Point","coordinates":[-85.300559,35.032552]},"properties":{"id":"TNN000410686","npl":"listed"}},{"type":"Feature","id":"ARD980745665","geometry":{"type":"Point","coordinates":[-93.203889,35.025]},"properties":{"id":"ARD980745665","npl":"cleaning"}},{"type":"Feature","id":"TND71516959","geometry":{"type":"Point","coordinates":[-85.314444,34.998889]},"properties":{"id":"TND71516959","npl":"verified"}},{"type":"Feature","id":"ARD049658628","geometry":{"type":"Point","coordinates":[-93.302222,34.984167]},"properties":{"id":"ARD049658628","npl":"cleaning"}},{"type":"Feature","id":"SCD980558142","geometry":{"type":"Point","coordinates":[-81.6685,34.9805]},"properties":{"id":"SCD980558142","npl":"cleaning"}},{"type":"Feature","id":"OKD000400093","geometry":{"type":"Point","coordinates":[-97.5809,34.9764]},"properties":{"id":"OKD000400093","npl":"cleaning"}},{"type":"Feature","id":"SCD980840698","geometry":{"type":"Point","coordinates":[-82.5015,34.9719]},"properties":{"id":"SCD980840698","npl":"verified"}},{"type":"Feature","id":"SCD980844005","geometry":{"type":"Point","coordinates":[-80.9985,34.9661]},"properties":{"id":"SCD980844005","npl":"cleaning"}},{"type":"Feature","id":"CA1570024504","geometry":{"type":"Point","coordinates":[-117.8857,34.949439]},"properties":{"id":"CA1570024504","npl":"listed"}},{"type":"Feature","id":"SCD980839542","geometry":{"type":"Point","coordinates":[-82.216599,34.935905]},"properties":{"id":"SCD980839542","npl":"cleaning"}},{"type":"Feature","id":"SCD058754789","geometry":{"type":"Point","coordinates":[-82.1725,34.9328]},"properties":{"id":"SCD058754789","npl":"cleaning"}},{"type":"Feature","id":"NC1170027261","geometry":{"type":"Point","coordinates":[-76.8917,34.9]},"properties":{"id":"NC1170027261","npl":"listed"}},{"type":"Feature","id":"OKD091598870","geometry":{"type":"Point","coordinates":[-98.193339,34.898331]},"properties":{"id":"OKD091598870","npl":"listed"}},{"type":"Feature","id":"SCD003354412","geometry":{"type":"Point","coordinates":[-82.7232,34.895]},"properties":{"id":"SCD003354412","npl":"cleaning"}},{"type":"Feature","id":"NCD980840409","geometry":{"type":"Point","coordinates":[-79.8375,34.8925]},"properties":{"id":"NCD980840409","npl":"cleaning"}},{"type":"Feature","id":"SCD003358744","geometry":{"type":"Point","coordinates":[-82.426303,34.883292]},"properties":{"id":"SCD003358744","npl":"listed"}},{"type":"Feature","id":"CA8170024261","geometry":{"type":"Point","coordinates":[-116.9389,34.878331]},"properties":{"id":"CA8170024261","npl":"listed"}},{"type":"Feature","id":"ARD000023440","geometry":{"type":"Point","coordinates":[-92.1312,34.878]},"properties":{"id":"ARD000023440","npl":"cleaning"}},{"type":"Feature","id":"ARD980809941","geometry":{"type":"Point","coordinates":[-92.071661,34.863331]},"properties":{"id":"ARD980809941","npl":"verified"}},{"type":"Feature","id":"CAD020748125","geometry":{"type":"Point","coordinates":[-120.544303,34.863125]},"properties":{"id":"CAD020748125","npl":"listed"}},{"type":"Feature","id":"ARD981055809","geometry":{"type":"Point","coordinates":[-92.0778,34.8627]},"properties":{"id":"ARD981055809","npl":"verified"}},{"type":"Feature","id":"SCD991279324","geometry":{"type":"Point","coordinates":[-80.904169,34.851669]},"properties":{"id":"SCD991279324","npl":"listed"}},{"type":"Feature","id":"GAD980838619","geometry":{"type":"Point","coordinates":[-85.377781,34.797781]},"properties":{"id":"GAD980838619","npl":"cleaning"}},{"type":"Feature","id":"NMD980749980","geometry":{"type":"Point","coordinates":[-106.7205,34.7896]},"properties":{"id":"NMD980749980","npl":"verified"}},{"type":"Feature","id":"SCD980799456","geometry":{"type":"Point","coordinates":[-82.2466,34.785]},"properties":{"id":"SCD980799456","npl":"verified"}},{"type":"Feature","id":"TXN000606760","geometry":{"type":"Point","coordinates":[-101.853333,34.745]},"properties":{"id":"TXN000606760","npl":"listed"}},{"type":"Feature","id":"NCD024644494","geometry":{"type":"Point","coordinates":[-77.3666,34.7414]},"properties":{"id":"NCD024644494","npl":"cleaning"}},{"type":"Feature","id":"NC6170022580","geometry":{"type":"Point","coordinates":[-77.342919,34.717781]},"properties":{"id":"NC6170022580","npl":"listed"}},{"type":"Feature","id":"SCD002601656","geometry":{"type":"Point","coordinates":[-82.233,34.7134]},"properties":{"id":"SCD002601656","npl":"cleaning"}},{"type":"Feature","id":"SCN000404896","geometry":{"type":"Point","coordinates":[-79.912786,34.698689]},"properties":{"id":"SCN000404896","npl":"listed"}},{"type":"Feature","id":"SCD000447268","geometry":{"type":"Point","coordinates":[-82.216111,34.698061]},"properties":{"id":"SCD000447268","npl":"cleaning"}},{"type":"Feature","id":"SCD980558316","geometry":{"type":"Point","coordinates":[-80.94305,34.686111]},"properties":{"id":"SCD980558316","npl":"cleaning"}},{"type":"Feature","id":"SCD987577913","geometry":{"type":"Point","coordinates":[-80.411472,34.652194]},"properties":{"id":"SCD987577913","npl":"listed"}},{"type":"Feature","id":"AL7210020742","geometry":{"type":"Point","coordinates":[-86.673055,34.646944]},"properties":{"id":"AL7210020742","npl":"listed"}},{"type":"Feature","id":"CA2570024453","geometry":{"type":"Point","coordinates":[-117.3833,34.595]},"properties":{"id":"CA2570024453","npl":"listed"}},{"type":"Feature","id":"ARD092916188","geometry":{"type":"Point","coordinates":[-94.2566,34.5697]},"properties":{"id":"ARD092916188","npl":"cleaning"}},{"type":"Feature","id":"SCD058189622","geometry":{"type":"Point","coordinates":[-79.833292,34.531528]},"properties":{"id":"SCD058189622","npl":"listed"}},{"type":"Feature","id":"ARD990660649","geometry":{"type":"Point","coordinates":[-90.6517,34.5206]},"properties":{"id":"ARD990660649","npl":"listed"}},{"type":"Feature","id":"ALD983166299","geometry":{"type":"Point","coordinates":[-86.638194,34.508888]},"properties":{"id":"ALD983166299","npl":"cleaning"}},{"type":"Feature","id":"AZ0000309013","geometry":{"type":"Point","coordinates":[-112.25,34.5]},"properties":{"id":"AZ0000309013","npl":"listed"}},{"type":"Feature","id":"CAD980636781","geometry":{"type":"Point","coordinates":[-118.9028,34.404169]},"properties":{"id":"CAD980636781","npl":"cleaning"}},{"type":"Feature","id":"NMD043158591","geometry":{"type":"Point","coordinates":[-103.2117,34.378331]},"properties":{"id":"NMD043158591","npl":"verified"}},{"type":"Feature","id":"NCD986187094","geometry":{"type":"Point","coordinates":[-77.891944,34.343472]},"properties":{"id":"NCD986187094","npl":"verified"}},{"type":"Feature","id":"NCD024766719","geometry":{"type":"Point","coordinates":[-78.2051,34.3284]},"properties":{"id":"NCD024766719","npl":"listed"}},{"type":"Feature","id":"NCD981023260","geometry":{"type":"Point","coordinates":[-78.1578,34.2846]},"properties":{"id":"NCD981023260","npl":"cleaning"}},{"type":"Feature","id":"NCD981021157","geometry":{"type":"Point","coordinates":[-77.915281,34.275]},"properties":{"id":"NCD981021157","npl":"verified"}},{"type":"Feature","id":"NCN000407480","geometry":{"type":"Point","coordinates":[-77.954083,34.26665]},"properties":{"id":"NCN000407480","npl":"listed"}},{"type":"Feature","id":"NCD980557805","geometry":{"type":"Point","coordinates":[-77.999028,34.247222]},"properties":{"id":"NCD980557805","npl":"listed"}},{"type":"Feature","id":"CAD980894984","geometry":{"type":"Point","coordinates":[-118.4135,34.2276]},"properties":{"id":"CAD980894984","npl":"verified"}},{"type":"Feature","id":"SCD003353026","geometry":{"type":"Point","coordinates":[-79.7229,34.2022]},"properties":{"id":"SCD003353026","npl":"verified"}},{"type":"Feature","id":"CA9800013030","geometry":{"type":"Point","coordinates":[-118.167434,34.201185]},"properties":{"id":"CA9800013030","npl":"cleaning"}},{"type":"Feature","id":"OK0002024099","geometry":{"type":"Point","coordinates":[-97.107931,34.195486]},"properties":{"id":"OK0002024099","npl":"verified"}},{"type":"Feature","id":"CAD980894893","geometry":{"type":"Point","coordinates":[-118.3514,34.19]},"properties":{"id":"CAD980894893","npl":"listed"}},{"type":"Feature","id":"MSD000272385","geometry":{"type":"Point","coordinates":[-90.561625,34.187408]},"properties":{"id":"MSD000272385","npl":"verified"}},{"type":"Feature","id":"CAD981434517","geometry":{"type":"Point","coordinates":[-117.3131,34.171811]},"properties":{"id":"CAD981434517","npl":"listed"}},{"type":"Feature","id":"NMD097960272","geometry":{"type":"Point","coordinates":[-106.9201,34.163331]},"properties":{"id":"NMD097960272","npl":"verified"}},{"type":"Feature","id":"CAD980894901","geometry":{"type":"Point","coordinates":[-118.286,34.163139]},"properties":{"id":"CAD980894901","npl":"listed"}},{"type":"Feature","id":"CAN000905945","geometry":{"type":"Point","coordinates":[-117.416567,34.153683]},"properties":{"id":"CAN000905945","npl":"listed"}},{"type":"Feature","id":"CAD009688052","geometry":{"type":"Point","coordinates":[-119.181944,34.138889]},"properties":{"id":"CAD009688052","npl":"listed"}},{"type":"Feature","id":"CAD980677355","geometry":{"type":"Point","coordinates":[-118,34.125]},"properties":{"id":"CAD980677355","npl":"listed"}},{"type":"Feature","id":"SCD037398120","geometry":{"type":"Point","coordinates":[-81.0117,34.1228]},"properties":{"id":"SCD037398120","npl":"verified"}},{"type":"Feature","id":"CAD980894976","geometry":{"type":"Point","coordinates":[-118.2539,34.112081]},"properties":{"id":"CAD980894976","npl":"listed"}},{"type":"Feature","id":"SCD980558050","geometry":{"type":"Point","coordinates":[-80.834169,34.10625]},"properties":{"id":"SCD980558050","npl":"cleaning"}},{"type":"Feature","id":"CAD980818579","geometry":{"type":"Point","coordinates":[-118.125,34.1]},"properties":{"id":"CAD980818579","npl":"listed"}},{"type":"Feature","id":"NMD001829506","geometry":{"type":"Point","coordinates":[-106.901239,34.099517]},"properties":{"id":"NMD001829506","npl":"listed"}},{"type":"Feature","id":"CA4570024345","geometry":{"type":"Point","coordinates":[-117.2372,34.098061]},"properties":{"id":"CA4570024345","npl":"cleaning"}},{"type":"Feature","id":"CAD980818512","geometry":{"type":"Point","coordinates":[-117.9361,34.073611]},"properties":{"id":"CAD980818512","npl":"listed"}},{"type":"Feature","id":"CAT080012024","geometry":{"type":"Point","coordinates":[-118.105556,34.033333]},"properties":{"id":"CAT080012024","npl":"cleaning"}},{"type":"Feature","id":"CAT080012826","geometry":{"type":"Point","coordinates":[-117.45833,34.023056]},"properties":{"id":"CAT080012826","npl":"listed"}},{"type":"Feature","id":"GAD990741092","geometry":{"type":"Point","coordinates":[-85.2717,34.0207]},"properties":{"id":"GAD990741092","npl":"cleaning"}},{"type":"Feature","id":"CAD980817985","geometry":{"type":"Point","coordinates":[-117.9583,34.016669]},"properties":{"id":"CAD980817985","npl":"listed"}},{"type":"Feature","id":"GAD980495402","geometry":{"type":"Point","coordinates":[-85.282639,34.015969]},"properties":{"id":"GAD980495402","npl":"verified"}},{"type":"Feature","id":"GAD095840674","geometry":{"type":"Point","coordinates":[-85.2636,34.0082]},"properties":{"id":"GAD095840674","npl":"verified"}},{"type":"Feature","id":"CAD097854541","geometry":{"type":"Point","coordinates":[-118.193402,34.005229]},"properties":{"id":"CAD097854541","npl":"proposed"}},{"type":"Feature","id":"CAD098229214","geometry":{"type":"Point","coordinates":[-117.367186,33.991886]},"properties":{"id":"CAD098229214","npl":"listed"}},{"type":"Feature","id":"CAD980737092","geometry":{"type":"Point","coordinates":[-118.17125,33.985417]},"properties":{"id":"CAD980737092","npl":"cleaning"}},{"type":"Feature","id":"CAD042245001","geometry":{"type":"Point","coordinates":[-118.042222,33.969722]},"properties":{"id":"CAD042245001","npl":"listed"}},{"type":"Feature","id":"CAD008339467","geometry":{"type":"Point","coordinates":[-118.178017,33.950325]},"properties":{"id":"CAD008339467","npl":"listed"}},{"type":"Feature","id":"CAD980884357","geometry":{"type":"Point","coordinates":[-118.055,33.95]},"properties":{"id":"CAD980884357","npl":"cleaning"}},{"type":"Feature","id":"CAD055753370","geometry":{"type":"Point","coordinates":[-118.179694,33.946972]},"properties":{"id":"CAD055753370","npl":"listed"}},{"type":"Feature","id":"CAN000905902","geometry":{"type":"Point","coordinates":[-118.176922,33.946178]},"properties":{"id":"CAN000905902","npl":"listed"}},{"type":"Feature","id":"GAD990855819","geometry":{"type":"Point","coordinates":[-83.47195,33.940281]},"properties":{"id":"GAD990855819","npl":"verified"}},{"type":"Feature","id":"SCD003362217","geometry":{"type":"Point","coordinates":[-81.060281,33.920831]},"properties":{"id":"SCD003362217","npl":"cleaning"}},{"type":"Feature","id":"SCD980558043","geometry":{"type":"Point","coordinates":[-81.074169,33.919581]},"properties":{"id":"SCD980558043","npl":"cleaning"}},{"type":"Feature","id":"CA4570024527","geometry":{"type":"Point","coordinates":[-117.2557,33.906389]},"properties":{"id":"CA4570024527","npl":"listed"}},{"type":"Feature","id":"SCD980711394","geometry":{"type":"Point","coordinates":[-81.063889,33.90445]},"properties":{"id":"SCD980711394","npl":"cleaning"}},{"type":"Feature","id":"CAD980498695","geometry":{"type":"Point","coordinates":[-117.9712,33.8953]},"properties":{"id":"CAD980498695","npl":"cleaned"}},{"type":"Feature","id":"SCD000622787","geometry":{"type":"Point","coordinates":[-80.90875,33.885419]},"properties":{"id":"SCD000622787","npl":"cleaning"}},{"type":"Feature","id":"SCN000407714","geometry":{"type":"Point","coordinates":[-82.30067,33.87309]},"properties":{"id":"SCN000407714","npl":"listed"}},{"type":"Feature","id":"CAN000900251","geometry":{"type":"Point","coordinates":[-117.930589,33.854828]},"properties":{"id":"CAN000900251","npl":"listed"}},{"type":"Feature","id":"CAD008242711","geometry":{"type":"Point","coordinates":[-118.2983,33.848331]},"properties":{"id":"CAD008242711","npl":"listed"}},{"type":"Feature","id":"CAD029544731","geometry":{"type":"Point","coordinates":[-118.289472,33.846639]},"properties":{"id":"CAD029544731","npl":"listed"}},{"type":"Feature","id":"MSD007037278","geometry":{"type":"Point","coordinates":[-89.801661,33.803244]},"properties":{"id":"MSD007037278","npl":"listed"}},{"type":"Feature","id":"GAN000407160","geometry":{"type":"Point","coordinates":[-84.407278,33.766472]},"properties":{"id":"GAN000407160","npl":"listed"}},{"type":"Feature","id":"ARD042755231","geometry":{"type":"Point","coordinates":[-93.104258,33.759453]},"properties":{"id":"ARD042755231","npl":"cleaning"}},{"type":"Feature","id":"CAD981995947","geometry":{"type":"Point","coordinates":[-118,33.75]},"properties":{"id":"CAD981995947","npl":"verified"}},{"type":"Feature","id":"ALD041906173","geometry":{"type":"Point","coordinates":[-86.633333,33.688889]},"properties":{"id":"ALD041906173","npl":"cleaning"}},{"type":"Feature","id":"CA6170023208","geometry":{"type":"Point","coordinates":[-117.7176,33.676669]},"properties":{"id":"CA6170023208","npl":"listed"}},{"type":"Feature","id":"AL3210020027","geometry":{"type":"Point","coordinates":[-85.969439,33.659439]},"properties":{"id":"AL3210020027","npl":"listed"}},{"type":"Feature","id":"NMD980749378","geometry":{"type":"Point","coordinates":[-105.8647,33.643469]},"properties":{"id":"NMD980749378","npl":"verified"}},{"type":"Feature","id":"TXSFN0605177","geometry":{"type":"Point","coordinates":[-102.405561,33.599883]},"properties":{"id":"TXSFN0605177","npl":"cleaning"}},{"type":"Feature","id":"ALN000410750","geometry":{"type":"Point","coordinates":[-86.799671,33.557464]},"properties":{"id":"ALN000410750","npl":"proposed"}},{"type":"Feature","id":"AZ0570024133","geometry":{"type":"Point","coordinates":[-112.3567,33.54]},"properties":{"id":"AZ0570024133","npl":"verified"}},{"type":"Feature","id":"MSD990866329","geometry":{"type":"Point","coordinates":[-88.409686,33.509767]},"properties":{"id":"MSD990866329","npl":"listed"}},{"type":"Feature","id":"SCD003303120","geometry":{"type":"Point","coordinates":[-81.89213,33.500907]},"properties":{"id":"SCD003303120","npl":"listed"}},{"type":"Feature","id":"AZD980695969","geometry":{"type":"Point","coordinates":[-111.9083,33.466669]},"properties":{"id":"AZD980695969","npl":"cleaning"}},{"type":"Feature","id":"AZD009004177","geometry":{"type":"Point","coordinates":[-111.9708,33.461669]},"properties":{"id":"AZD009004177","npl":"listed"}},{"type":"Feature","id":"GAD033582461","geometry":{"type":"Point","coordinates":[-82.036944,33.454194]},"properties":{"id":"GAD033582461","npl":"cleaning"}},{"type":"Feature","id":"TX7213821831","geometry":{"type":"Point","coordinates":[-94.2483,33.4344]},"properties":{"id":"TX7213821831","npl":"cleaning"}},{"type":"Feature","id":"AZD980695902","geometry":{"type":"Point","coordinates":[-112.3653,33.429719]},"properties":{"id":"AZD980695902","npl":"listed"}},{"type":"Feature","id":"GAN000407449","geometry":{"type":"Point","coordinates":[-82.015139,33.421178]},"properties":{"id":"GAN000407449","npl":"cleaning"}},{"type":"Feature","id":"AZD980496780","geometry":{"type":"Point","coordinates":[-112.0917,33.416669]},"properties":{"id":"AZD980496780","npl":"verified"}},{"type":"Feature","id":"TXD980623904","geometry":{"type":"Point","coordinates":[-94.065,33.416669]},"properties":{"id":"TXD980623904","npl":"cleaning"}},{"type":"Feature","id":"MSD980601736","geometry":{"type":"Point","coordinates":[-91.0538,33.411]},"properties":{"id":"MSD980601736","npl":"verified"}},{"type":"Feature","id":"TXD008056152","geometry":{"type":"Point","coordinates":[-94.053339,33.408331]},"properties":{"id":"TXD008056152","npl":"cleaning"}},{"type":"Feature","id":"ALD004022448","geometry":{"type":"Point","coordinates":[-86.405,33.399722]},"properties":{"id":"ALD004022448","npl":"cleaning"}},{"type":"Feature","id":"NMN000607057","geometry":{"type":"Point","coordinates":[-104.529951,33.394079]},"properties":{"id":"NMN000607057","npl":"listed"}},{"type":"Feature","id":"GAD001700699","geometry":{"type":"Point","coordinates":[-81.993061,33.38945]},"properties":{"id":"GAD001700699","npl":"verified"}},{"type":"Feature","id":"NM0000605386","geometry":{"type":"Point","coordinates":[-104.518722,33.379792]},"properties":{"id":"NM0000605386","npl":"listed"}},{"type":"Feature","id":"AZD980735724","geometry":{"type":"Point","coordinates":[-110.7332,33.3728]},"properties":{"id":"AZD980735724","npl":"verified"}},{"type":"Feature","id":"AZD980735666","geometry":{"type":"Point","coordinates":[-112.7483,33.368331]},"properties":{"id":"AZD980735666","npl":"cleaning"}},{"type":"Feature","id":"SC1890008989","geometry":{"type":"Point","coordinates":[-81.737781,33.348889]},"properties":{"id":"SC1890008989","npl":"listed"}},{"type":"Feature","id":"AL6210020008","geometry":{"type":"Point","coordinates":[-86.3268,33.3381]},"properties":{"id":"AL6210020008","npl":"listed"}},{"type":"Feature","id":"ARD008049207","geometry":{"type":"Point","coordinates":[-92.65688,33.30836]},"properties":{"id":"ARD008049207","npl":"listed"}},{"type":"Feature","id":"AZ7570028582","geometry":{"type":"Point","coordinates":[-111.6519,33.30695]},"properties":{"id":"AZ7570028582","npl":"listed"}},{"type":"Feature","id":"CA2170023533","geometry":{"type":"Point","coordinates":[-117.3408,33.306669]},"properties":{"id":"CA2170023533","npl":"listed"}},{"type":"Feature","id":"SCD003357589","geometry":{"type":"Point","coordinates":[-81.375778,33.236694]},"properties":{"id":"SCD003357589","npl":"cleaning"}},{"type":"Feature","id":"ARD008052508","geometry":{"type":"Point","coordinates":[-92.673333,33.1825]},"properties":{"id":"ARD008052508","npl":"cleaning"}},{"type":"Feature","id":"TXD980513808","geometry":{"type":"Point","coordinates":[-96.0755,33.1383]},"properties":{"id":"TXD980513808","npl":"verified"}},{"type":"Feature","id":"MSD004006995","geometry":{"type":"Point","coordinates":[-89.058333,33.111111]},"properties":{"id":"MSD004006995","npl":"cleaning"}},{"type":"Feature","id":"SCD058753971","geometry":{"type":"Point","coordinates":[-81.239,32.9412]},"properties":{"id":"SCD058753971","npl":"cleaning"}},{"type":"Feature","id":"TXN000605649","geometry":{"type":"Point","coordinates":[-97.525,32.928472]},"properties":{"id":"TXN000605649","npl":"listed"}},{"type":"Feature","id":"CAD066635442","geometry":{"type":"Point","coordinates":[-115.544444,32.910278]},"properties":{"id":"CAD066635442","npl":"proposed"}},{"type":"Feature","id":"LAD008473142","geometry":{"type":"Point","coordinates":[-92.252944,32.908333]},"properties":{"id":"LAD008473142","npl":"listed"}},{"type":"Feature","id":"NMD981155930","geometry":{"type":"Point","coordinates":[-108.2558,32.8626]},"properties":{"id":"NMD981155930","npl":"verified"}},{"type":"Feature","id":"SCD003360476","geometry":{"type":"Point","coordinates":[-79.951194,32.838056]},"properties":{"id":"SCD003360476","npl":"cleaning"}},{"type":"Feature","id":"SCD980310239","geometry":{"type":"Point","coordinates":[-79.958333,32.822083]},"properties":{"id":"SCD980310239","npl":"cleaning"}},{"type":"Feature","id":"TX7572024605","geometry":{"type":"Point","coordinates":[-97.45,32.777781]},"properties":{"id":"TX7572024605","npl":"cleaning"}},{"type":"Feature","id":"GAD003302676","geometry":{"type":"Point","coordinates":[-83.639675,32.777658]},"properties":{"id":"GAD003302676","npl":"listed"}},{"type":"Feature","id":"TXD079348397","geometry":{"type":"Point","coordinates":[-96.8725,32.776944]},"properties":{"id":"TXD079348397","npl":"cleaning"}},{"type":"Feature","id":"SCD980711279","geometry":{"type":"Point","coordinates":[-80.159161,32.773611]},"properties":{"id":"SCD980711279","npl":"verified"}},{"type":"Feature","id":"GAN000410033","geometry":{"type":"Point","coordinates":[-83.6516,32.773497]},"properties":{"id":"GAN000410033","npl":"listed"}},{"type":"Feature","id":"TXD988034328","geometry":{"type":"Point","coordinates":[-96.963228,32.750269]},"properties":{"id":"TXD988034328","npl":"listed"}},{"type":"Feature","id":"TXN000606965","geometry":{"type":"Point","coordinates":[-97.679763,32.744778]},"properties":{"id":"TXN000606965","npl":"listed"}},{"type":"Feature","id":"TXD980340889","geometry":{"type":"Point","coordinates":[-96.936669,32.743331]},"properties":{"id":"TXD980340889","npl":"verified"}},{"type":"Feature","id":"TXD007357932","geometry":{"type":"Point","coordinates":[-96.273889,32.734167]},"properties":{"id":"TXD007357932","npl":"listed"}},{"type":"Feature","id":"TXD980699656","geometry":{"type":"Point","coordinates":[-97.3256,32.7174]},"properties":{"id":"TXD980699656","npl":"verified"}},{"type":"Feature","id":"TXN000605240","geometry":{"type":"Point","coordinates":[-96.769485,32.687886]},"properties":{"id":"TXN000605240","npl":"listed"}},{"type":"Feature","id":"TX6213820529","geometry":{"type":"Point","coordinates":[-94.123339,32.665]},"properties":{"id":"TX6213820529","npl":"listed"}},{"type":"Feature","id":"AZ0971590062","geometry":{"type":"Point","coordinates":[-114.5888,32.654581]},"properties":{"id":"AZ0971590062","npl":"cleaning"}},{"type":"Feature","id":"GA1570024330","geometry":{"type":"Point","coordinates":[-83.582075,32.619983]},"properties":{"id":"GA1570024330","npl":"cleaning"}},{"type":"Feature","id":"MSD000828558","geometry":{"type":"Point","coordinates":[-90.018189,32.618061]},"properties":{"id":"MSD000828558","npl":"listed"}},{"type":"Feature","id":"GAD980496954","geometry":{"type":"Point","coordinates":[-83.794439,32.6125]},"properties":{"id":"GAD980496954","npl":"verified"}},{"type":"Feature","id":"GAD003269578","geometry":{"type":"Point","coordinates":[-83.884161,32.549581]},"properties":{"id":"GAD003269578","npl":"listed"}},{"type":"Feature","id":"LA0213820533","geometry":{"type":"Point","coordinates":[-93.421,32.5422]},"properties":{"id":"LA0213820533","npl":"cleaning"}},{"type":"Feature","id":"SCD037405362","geometry":{"type":"Point","coordinates":[-80.741669,32.497219]},"properties":{"id":"SCD037405362","npl":"cleaning"}},{"type":"Feature","id":"SCD094995503","geometry":{"type":"Point","coordinates":[-80.7401,32.4734]},"properties":{"id":"SCD094995503","npl":"cleaning"}},{"type":"Feature","id":"SCD004773644","geometry":{"type":"Point","coordinates":[-80.741111,32.466389]},"properties":{"id":"SCD004773644","npl":"verified"}},{"type":"Feature","id":"TXD055337281","geometry":{"type":"Point","coordinates":[-94.069169,32.465831]},"properties":{"id":"TXD055337281","npl":"verified"}},{"type":"Feature","id":"TXD007330053","geometry":{"type":"Point","coordinates":[-94.710903,32.442272]},"properties":{"id":"TXD007330053","npl":"cleaning"}},{"type":"Feature","id":"ALD007454085","geometry":{"type":"Point","coordinates":[-86.3791,32.3761]},"properties":{"id":"ALD007454085","npl":"cleaning"}},{"type":"Feature","id":"SC6170022762","geometry":{"type":"Point","coordinates":[-80.7031,32.3528]},"properties":{"id":"SC6170022762","npl":"listed"}},{"type":"Feature","id":"NM0002271286","geometry":{"type":"Point","coordinates":[-106.76,32.315556]},"properties":{"id":"NM0002271286","npl":"cleaning"}},{"type":"Feature","id":"MSD980710941","geometry":{"type":"Point","coordinates":[-90.145839,32.3]},"properties":{"id":"MSD980710941","npl":"verified"}},{"type":"Feature","id":"MSD086556388","geometry":{"type":"Point","coordinates":[-90.14222,32.29251]},"properties":{"id":"MSD086556388","npl":"listed"}},{"type":"Feature","id":"AZD980737530","geometry":{"type":"Point","coordinates":[-110.9333,32.105561]},"properties":{"id":"AZD980737530","npl":"listed"}},{"type":"Feature","id":"TXN000606992","geometry":{"type":"Point","coordinates":[-102.094921,31.964129]},"properties":{"id":"TXN000606992","npl":"listed"}},{"type":"Feature","id":"LAD000239814","geometry":{"type":"Point","coordinates":[-92.634722,31.918611]},"properties":{"id":"LAD000239814","npl":"cleaning"}},{"type":"Feature","id":"TX0001407444","geometry":{"type":"Point","coordinates":[-102.428333,31.918611]},"properties":{"id":"TX0001407444","npl":"cleaning"}},{"type":"Feature","id":"TXN000606614","geometry":{"type":"Point","coordinates":[-102.385833,31.908611]},"properties":{"id":"TXN000606614","npl":"listed"}},{"type":"Feature","id":"TXN000606668","geometry":{"type":"Point","coordinates":[-102.233669,31.90635]},"properties":{"id":"TXN000606668","npl":"listed"}},{"type":"Feature","id":"TXN000607499","geometry":{"type":"Point","coordinates":[-102.388889,31.894444]},"properties":{"id":"TXN000607499","npl":"listed"}},{"type":"Feature","id":"TXD980697114","geometry":{"type":"Point","coordinates":[-102.3905,31.8934]},"properties":{"id":"TXD980697114","npl":"verified"}},{"type":"Feature","id":"TXD980867279","geometry":{"type":"Point","coordinates":[-102.4033,31.881669]},"properties":{"id":"TXD980867279","npl":"cleaning"}},{"type":"Feature","id":"AZD008399263","geometry":{"type":"Point","coordinates":[-110.24,31.88]},"properties":{"id":"AZD008399263","npl":"cleaning"}},{"type":"Feature","id":"TXN000606716","geometry":{"type":"Point","coordinates":[-103.090681,31.852]},"properties":{"id":"TXN000606716","npl":"listed"}},{"type":"Feature","id":"ALD031618069","geometry":{"type":"Point","coordinates":[-86.61305,31.831669]},"properties":{"id":"ALD031618069","npl":"verified"}},{"type":"Feature","id":"GAD042101261","geometry":{"type":"Point","coordinates":[-84.181661,31.617361]},"properties":{"id":"GAD042101261","npl":"listed"}},{"type":"Feature","id":"GAD990855074","geometry":{"type":"Point","coordinates":[-84.053889,31.565831]},"properties":{"id":"GAD990855074","npl":"cleaning"}},{"type":"Feature","id":"GA7170023694","geometry":{"type":"Point","coordinates":[-84.055,31.557219]},"properties":{"id":"GA7170023694","npl":"cleaning"}},{"type":"Feature","id":"GAD991275686","geometry":{"type":"Point","coordinates":[-83.5017,31.4289]},"properties":{"id":"GAD991275686","npl":"listed"}},{"type":"Feature","id":"MSD046497012","geometry":{"type":"Point","coordinates":[-89.404461,31.345192]},"properties":{"id":"MSD046497012","npl":"verified"}},{"type":"Feature","id":"MSD008182081","geometry":{"type":"Point","coordinates":[-89.308248,31.3401]},"properties":{"id":"MSD008182081","npl":"listed"}},{"type":"Feature","id":"ALD981868466","geometry":{"type":"Point","coordinates":[-85.404167,31.325]},"properties":{"id":"ALD981868466","npl":"cleaning"}},{"type":"Feature","id":"LAD985185107","geometry":{"type":"Point","coordinates":[-92.439583,31.29722]},"properties":{"id":"LAD985185107","npl":"verified"}},{"type":"Feature","id":"ALD001221902","geometry":{"type":"Point","coordinates":[-87.9955,31.279]},"properties":{"id":"ALD001221902","npl":"cleaning"}},{"type":"Feature","id":"ALD008188708","geometry":{"type":"Point","coordinates":[-87.99445,31.263889]},"properties":{"id":"ALD008188708","npl":"listed"}},{"type":"Feature","id":"MSD980840045","geometry":{"type":"Point","coordinates":[-89.826939,31.244719]},"properties":{"id":"MSD980840045","npl":"verified"}},{"type":"Feature","id":"GAD981024466","geometry":{"type":"Point","coordinates":[-81.528056,31.242222]},"properties":{"id":"GAD981024466","npl":"cleaning"}},{"type":"Feature","id":"GAD008212409","geometry":{"type":"Point","coordinates":[-84.20333,31.2225]},"properties":{"id":"GAD008212409","npl":"cleaning"}},{"type":"Feature","id":"GAD980556906","geometry":{"type":"Point","coordinates":[-81.4858,31.2049]},"properties":{"id":"GAD980556906","npl":"cleaning"}},{"type":"Feature","id":"GAD099303182","geometry":{"type":"Point","coordinates":[-81.508333,31.189444]},"properties":{"id":"GAD099303182","npl":"listed"}},{"type":"Feature","id":"GAD982112658","geometry":{"type":"Point","coordinates":[-81.466667,31.166111]},"properties":{"id":"GAD982112658","npl":"proposed"}},{"type":"Feature","id":"TXD066379645","geometry":{"type":"Point","coordinates":[-97.438056,31.051667]},"properties":{"id":"TXD066379645","npl":"cleaning"}},{"type":"Feature","id":"ALD980728703","geometry":{"type":"Point","coordinates":[-87.625,31.0125]},"properties":{"id":"ALD980728703","npl":"verified"}},{"type":"Feature","id":"ALD095688875","geometry":{"type":"Point","coordinates":[-88.021389,30.975]},"properties":{"id":"ALD095688875","npl":"listed"}},{"type":"Feature","id":"ALD008161176","geometry":{"type":"Point","coordinates":[-88.0175,30.969439]},"properties":{"id":"ALD008161176","npl":"listed"}},{"type":"Feature","id":"TXD008096240","geometry":{"type":"Point","coordinates":[-93.9825,30.933889]},"properties":{"id":"TXD008096240","npl":"cleaning"}},{"type":"Feature","id":"TXD050299577","geometry":{"type":"Point","coordinates":[-93.995278,30.893611]},"properties":{"id":"TXD050299577","npl":"cleaning"}},{"type":"Feature","id":"LAN000604293","geometry":{"type":"Point","coordinates":[-93.276863,30.831693]},"properties":{"id":"LAN000604293","npl":"listed"}},{"type":"Feature","id":"ALD980844385","geometry":{"type":"Point","coordinates":[-88.073061,30.808331]},"properties":{"id":"ALD980844385","npl":"verified"}},{"type":"Feature","id":"LAN000607134","geometry":{"type":"Point","coordinates":[-89.863889,30.768056]},"properties":{"id":"LAN000607134","npl":"listed"}},{"type":"Feature","id":"LAD008187940","geometry":{"type":"Point","coordinates":[-91.009444,30.758889]},"properties":{"id":"LAD008187940","npl":"verified"}},{"type":"Feature","id":"TXN000607441","geometry":{"type":"Point","coordinates":[-98.22544,30.737148]},"properties":{"id":"TXN000607441","npl":"listed"}},{"type":"Feature","id":"FLD980602882","geometry":{"type":"Point","coordinates":[-85.3925,30.728331]},"properties":{"id":"FLD980602882","npl":"cleaning"}},{"type":"Feature","id":"FL2170023244","geometry":{"type":"Point","coordinates":[-87.020417,30.709722]},"properties":{"id":"FL2170023244","npl":"listed"}},{"type":"Feature","id":"FLD098924038","geometry":{"type":"Point","coordinates":[-85.168056,30.685833]},"properties":{"id":"FLD098924038","npl":"cleaning"}},{"type":"Feature","id":"FLD041140344","geometry":{"type":"Point","coordinates":[-84.69375,30.660689]},"properties":{"id":"FLD041140344","npl":"verified"}},{"type":"Feature","id":"FLD000833368","geometry":{"type":"Point","coordinates":[-87.37695,30.618061]},"properties":{"id":"FLD000833368","npl":"verified"}},{"type":"Feature","id":"FLD004061925","geometry":{"type":"Point","coordinates":[-84.510081,30.592472]},"properties":{"id":"FLD004061925","npl":"listed"}},{"type":"Feature","id":"LAD008184137","geometry":{"type":"Point","coordinates":[-91.245026,30.586168]},"properties":{"id":"LAD008184137","npl":"listed"}},{"type":"Feature","id":"LAD057482713","geometry":{"type":"Point","coordinates":[-91.243331,30.583331]},"properties":{"id":"LAD057482713","npl":"cleaning"}},{"type":"Feature","id":"LAD981155872","geometry":{"type":"Point","coordinates":[-91.220556,30.561944]},"properties":{"id":"LAD981155872","npl":"proposed"}},{"type":"Feature","id":"MSD065490930","geometry":{"type":"Point","coordinates":[-89.689722,30.524444]},"properties":{"id":"MSD065490930","npl":"cleaning"}},{"type":"Feature","id":"FLD980494660","geometry":{"type":"Point","coordinates":[-87.345139,30.513061]},"properties":{"id":"FLD980494660","npl":"verified"}},{"type":"Feature","id":"LAD072606627","geometry":{"type":"Point","coordinates":[-90.8939,30.5129]},"properties":{"id":"LAD072606627","npl":"cleaning"}},{"type":"Feature","id":"FLD981019235","geometry":{"type":"Point","coordinates":[-83.39375,30.501111]},"properties":{"id":"FLD981019235","npl":"cleaning"}},{"type":"Feature","id":"FLD056116965","geometry":{"type":"Point","coordinates":[-87.351389,30.474169]},"properties":{"id":"FLD056116965","npl":"verified"}},{"type":"Feature","id":"LAD980869440","geometry":{"type":"Point","coordinates":[-91.184992,30.460524]},"properties":{"id":"LAD980869440","npl":"listed"}},{"type":"Feature","id":"FLD008168346","geometry":{"type":"Point","coordinates":[-87.2317,30.4553]},"properties":{"id":"FLD008168346","npl":"listed"}},{"type":"Feature","id":"FLD980221857","geometry":{"type":"Point","coordinates":[-87.2256,30.4512]},"properties":{"id":"FLD980221857","npl":"cleaning"}},{"type":"Feature","id":"MSD008154486","geometry":{"type":"Point","coordinates":[-89.089166,30.428888]},"properties":{"id":"MSD008154486","npl":"cleaning"}},{"type":"Feature","id":"LAD981522998","geometry":{"type":"Point","coordinates":[-90.198611,30.427222]},"properties":{"id":"LAD981522998","npl":"cleaning"}},{"type":"Feature","id":"LAD052510344","geometry":{"type":"Point","coordinates":[-90.410833,30.4225]},"properties":{"id":"LAD052510344","npl":"verified"}},{"type":"Feature","id":"FLD008161994","geometry":{"type":"Point","coordinates":[-87.236661,30.404719]},"properties":{"id":"FLD008161994","npl":"listed"}},{"type":"Feature","id":"MSN000403508","geometry":{"type":"Point","coordinates":[-88.491006,30.372103]},"properties":{"id":"MSN000403508","npl":"listed"}},{"type":"Feature","id":"FLD980556351","geometry":{"type":"Point","coordinates":[-81.738889,30.368611]},"properties":{"id":"FLD980556351","npl":"cleaning"}},{"type":"Feature","id":"FL9170024567","geometry":{"type":"Point","coordinates":[-87.283054,30.357222]},"properties":{"id":"FL9170024567","npl":"listed"}},{"type":"Feature","id":"FLD000623041","geometry":{"type":"Point","coordinates":[-81.686394,30.354092]},"properties":{"id":"FLD000623041","npl":"verified"}},{"type":"Feature","id":"FLD039049101","geometry":{"type":"Point","coordinates":[-81.6265,30.3442]},"properties":{"id":"FLD039049101","npl":"listed"}},{"type":"Feature","id":"TXD980745574","geometry":{"type":"Point","coordinates":[-95.456669,30.331669]},"properties":{"id":"TXD980745574","npl":"cleaning"}},{"type":"Feature","id":"FLD980602767","geometry":{"type":"Point","coordinates":[-81.8513,30.3201]},"properties":{"id":"FLD980602767","npl":"verified"}},{"type":"Feature","id":"TXD008091951","geometry":{"type":"Point","coordinates":[-95.435428,30.318744]},"properties":{"id":"TXD008091951","npl":"cleaning"}},{"type":"Feature","id":"FLD991279894","geometry":{"type":"Point","coordinates":[-81.842781,30.313889]},"properties":{"id":"FLD991279894","npl":"verified"}},{"type":"Feature","id":"FLD980728935","geometry":{"type":"Point","coordinates":[-83.01305,30.3025]},"properties":{"id":"FLD980728935","npl":"verified"}},{"type":"Feature","id":"LAD980745632","geometry":{"type":"Point","coordinates":[-89.784161,30.282219]},"properties":{"id":"LAD980745632","npl":"cleaning"}},{"type":"Feature","id":"FLD980844179","geometry":{"type":"Point","coordinates":[-81.9717,30.2803]},"properties":{"id":"FLD980844179","npl":"verified"}},{"type":"Feature","id":"LAD008149015","geometry":{"type":"Point","coordinates":[-89.800833,30.2725]},"properties":{"id":"LAD008149015","npl":"verified"}},{"type":"Feature","id":"LAD980879449","geometry":{"type":"Point","coordinates":[-90.98,30.256669]},"properties":{"id":"LAD980879449","npl":"verified"}},{"type":"Feature","id":"LAN000605517","geometry":{"type":"Point","coordinates":[-92.6175,30.248056]},"properties":{"id":"LAN000605517","npl":"listed"}},{"type":"Feature","id":"LAD985169317","geometry":{"type":"Point","coordinates":[-93.219167,30.240833]},"properties":{"id":"LAD985169317","npl":"proposed"}},{"type":"Feature","id":"FL5170022474","geometry":{"type":"Point","coordinates":[-81.902777,30.23861]},"properties":{"id":"FL5170022474","npl":"cleaning"}},{"type":"Feature","id":"LAD980745541","geometry":{"type":"Point","coordinates":[-91.4095,30.2244]},"properties":{"id":"LAD980745541","npl":"verified"}},{"type":"Feature","id":"FL6170024412","geometry":{"type":"Point","coordinates":[-81.682777,30.22111]},"properties":{"id":"FL6170024412","npl":"listed"}},{"type":"Feature","id":"FLD980709802","geometry":{"type":"Point","coordinates":[-81.805561,30.216939]},"properties":{"id":"FLD980709802","npl":"verified"}},{"type":"Feature","id":"TXD062132147","geometry":{"type":"Point","coordinates":[-96.1357,30.2074]},"properties":{"id":"TXD062132147","npl":"cleaning"}},{"type":"Feature","id":"LAD980745533","geometry":{"type":"Point","coordinates":[-90.9955,30.1647]},"properties":{"id":"LAD980745533","npl":"verified"}},{"type":"Feature","id":"LAD008434185","geometry":{"type":"Point","coordinates":[-92.612236,30.160603]},"properties":{"id":"LAD008434185","npl":"listed"}},{"type":"Feature","id":"LAD980501456","geometry":{"type":"Point","coordinates":[-90.873339,30.155]},"properties":{"id":"LAD980501456","npl":"verified"}},{"type":"Feature","id":"FL1570024124","geometry":{"type":"Point","coordinates":[-85.586667,30.0875]},"properties":{"id":"FL1570024124","npl":"listed"}},{"type":"Feature","id":"TXD055143705","geometry":{"type":"Point","coordinates":[-93.8093,30.058]},"properties":{"id":"TXD055143705","npl":"verified"}},{"type":"Feature","id":"LAD980749139","geometry":{"type":"Point","coordinates":[-92.1154,30.0159]},"properties":{"id":"LAD980749139","npl":"verified"}},{"type":"Feature","id":"TXD980864649","geometry":{"type":"Point","coordinates":[-93.879169,29.99055]},"properties":{"id":"TXD980864649","npl":"verified"}},{"type":"Feature","id":"LAD981056997","geometry":{"type":"Point","coordinates":[-90.040165,29.98866]},"properties":{"id":"LAD981056997","npl":"cleaned"}},{"type":"Feature","id":"TX0001414341","geometry":{"type":"Point","coordinates":[-93.917,29.975]},"properties":{"id":"TX0001414341","npl":"listed"}},{"type":"Feature","id":"TXD068104561","geometry":{"type":"Point","coordinates":[-93.855083,29.961453]},"properties":{"id":"TXD068104561","npl":"verified"}},{"type":"Feature","id":"TXD099801102","geometry":{"type":"Point","coordinates":[-93.859167,29.960833]},"properties":{"id":"TXD099801102","npl":"verified"}},{"type":"Feature","id":"LAD980750137","geometry":{"type":"Point","coordinates":[-92.1857,29.9581]},"properties":{"id":"LAD980750137","npl":"verified"}},{"type":"Feature","id":"LAD981058019","geometry":{"type":"Point","coordinates":[-92.1867,29.9555]},"properties":{"id":"LAD981058019","npl":"verified"}},{"type":"Feature","id":"LA0000187518","geometry":{"type":"Point","coordinates":[-92.655469,29.934014]},"properties":{"id":"LA0000187518","npl":"verified"}},{"type":"Feature","id":"TXD980873350","geometry":{"type":"Point","coordinates":[-94.688061,29.92]},"properties":{"id":"TXD980873350","npl":"cleaning"}},{"type":"Feature","id":"TXN000605460","geometry":{"type":"Point","coordinates":[-95.584319,29.90465]},"properties":{"id":"TXN000605460","npl":"listed"}},{"type":"Feature","id":"TXD980513956","geometry":{"type":"Point","coordinates":[-95.086669,29.881669]},"properties":{"id":"TXD980513956","npl":"cleaning"}},{"type":"Feature","id":"TXD980514814","geometry":{"type":"Point","coordinates":[-95.0739,29.8796]},"properties":{"id":"TXD980514814","npl":"cleaning"}},{"type":"Feature","id":"TXD980514996","geometry":{"type":"Point","coordinates":[-95.0786,29.8141]},"properties":{"id":"TXD980514996","npl":"cleaning"}},{"type":"Feature","id":"TXD980873343","geometry":{"type":"Point","coordinates":[-95.349169,29.806669]},"properties":{"id":"TXD980873343","npl":"cleaning"}},{"type":"Feature","id":"TXD980810386","geometry":{"type":"Point","coordinates":[-95.347781,29.798331]},"properties":{"id":"TXD980810386","npl":"cleaning"}},{"type":"Feature","id":"TXN000606611","geometry":{"type":"Point","coordinates":[-95.0625,29.7944]},"properties":{"id":"TXN000606611","npl":"listed"}},{"type":"Feature","id":"TXD008083404","geometry":{"type":"Point","coordinates":[-95.331667,29.767778]},"properties":{"id":"TXD008083404","npl":"cleaning"}},{"type":"Feature","id":"TX0000605329","geometry":{"type":"Point","coordinates":[-95.114583,29.731944]},"properties":{"id":"TX0000605329","npl":"listed"}},{"type":"Feature","id":"TXD990707010","geometry":{"type":"Point","coordinates":[-95.5644,29.7206]},"properties":{"id":"TXD990707010","npl":"cleaning"}},{"type":"Feature","id":"TXN000607093","geometry":{"type":"Point","coordinates":[-95.221528,29.718389]},"properties":{"id":"TXN000607093","npl":"listed"}},{"type":"Feature","id":"TXD980873327","geometry":{"type":"Point","coordinates":[-95.398611,29.678889]},"properties":{"id":"TXD980873327","npl":"cleaning"}},{"type":"Feature","id":"FLD980709356","geometry":{"type":"Point","coordinates":[-82.323061,29.675]},"properties":{"id":"FLD980709356","npl":"listed"}},{"type":"Feature","id":"TXD980748453","geometry":{"type":"Point","coordinates":[-95.25,29.66]},"properties":{"id":"TXD980748453","npl":"cleaning"}},{"type":"Feature","id":"TXD980745582","geometry":{"type":"Point","coordinates":[-95.1627,29.6244]},"properties":{"id":"TXD980745582","npl":"verified"}},{"type":"Feature","id":"TXD980625453","geometry":{"type":"Point","coordinates":[-95.203331,29.57]},"properties":{"id":"TXD980625453","npl":"verified"}},{"type":"Feature","id":"TXD057567216","geometry":{"type":"Point","coordinates":[-98.350042,29.568833]},"properties":{"id":"TXD057567216","npl":"listed"}},{"type":"Feature","id":"TXD089793046","geometry":{"type":"Point","coordinates":[-95.2047,29.5686]},"properties":{"id":"TXD089793046","npl":"verified"}},{"type":"Feature","id":"LAD058475419","geometry":{"type":"Point","coordinates":[-90.705141,29.565818]},"properties":{"id":"LAD058475419","npl":"listed"}},{"type":"Feature","id":"TXN000606565","geometry":{"type":"Point","coordinates":[-98.6205,29.494433]},"properties":{"id":"TXN000606565","npl":"listed"}},{"type":"Feature","id":"TXN000606915","geometry":{"type":"Point","coordinates":[-98.731875,29.430489]},"properties":{"id":"TXN000606915","npl":"verified"}},{"type":"Feature","id":"TXD057577579","geometry":{"type":"Point","coordinates":[-98.537608,29.372203]},"properties":{"id":"TXD057577579","npl":"proposed"}},{"type":"Feature","id":"TXD062113329","geometry":{"type":"Point","coordinates":[-94.941667,29.356667]},"properties":{"id":"TXD062113329","npl":"cleaning"}},{"type":"Feature","id":"TXD980629851","geometry":{"type":"Point","coordinates":[-94.933331,29.334719]},"properties":{"id":"TXD980629851","npl":"cleaning"}},{"type":"Feature","id":"TXD980864789","geometry":{"type":"Point","coordinates":[-94.902778,29.333056]},"properties":{"id":"TXD980864789","npl":"cleaning"}},{"type":"Feature","id":"FLD043861392","geometry":{"type":"Point","coordinates":[-81.265,29.060831]},"properties":{"id":"FLD043861392","npl":"cleaning"}},{"type":"Feature","id":"TXD055144539","geometry":{"type":"Point","coordinates":[-95.289656,28.966847]},"properties":{"id":"TXD055144539","npl":"cleaning"}},{"type":"Feature","id":"FLD032728032","geometry":{"type":"Point","coordinates":[-81.265606,28.811217]},"properties":{"id":"FLD032728032","npl":"cleaning"}},{"type":"Feature","id":"FLD049985302","geometry":{"type":"Point","coordinates":[-81.613331,28.73195]},"properties":{"id":"FLD049985302","npl":"cleaning"}},{"type":"Feature","id":"FLR000091322","geometry":{"type":"Point","coordinates":[-81.32122,28.71662]},"properties":{"id":"FLR000091322","npl":"listed"}},{"type":"Feature","id":"TXD980864763","geometry":{"type":"Point","coordinates":[-99.8176,28.6969]},"properties":{"id":"TXD980864763","npl":"verified"}},{"type":"Feature","id":"TXD008123168","geometry":{"type":"Point","coordinates":[-96.562222,28.650833]},"properties":{"id":"TXD008123168","npl":"cleaning"}},{"type":"Feature","id":"FLD055945653","geometry":{"type":"Point","coordinates":[-81.3,28.601389]},"properties":{"id":"FLD055945653","npl":"cleaning"}},{"type":"Feature","id":"FLD004064242","geometry":{"type":"Point","coordinates":[-81.408889,28.578889]},"properties":{"id":"FLD004064242","npl":"cleaning"}},{"type":"Feature","id":"FLD004065546","geometry":{"type":"Point","coordinates":[-81.684719,28.551389]},"properties":{"id":"FLD004065546","npl":"listed"}},{"type":"Feature","id":"FLD010596013","geometry":{"type":"Point","coordinates":[-82.775694,28.166666]},"properties":{"id":"FLD010596013","npl":"listed"}},{"type":"Feature","id":"FLD041495441","geometry":{"type":"Point","coordinates":[-82.009719,28.100831]},"properties":{"id":"FLD041495441","npl":"verified"}},{"type":"Feature","id":"FLD094590916","geometry":{"type":"Point","coordinates":[-81.714722,28.098056]},"properties":{"id":"FLD094590916","npl":"verified"}},{"type":"Feature","id":"FLSFN0406909","geometry":{"type":"Point","coordinates":[-82.3175,28.057778]},"properties":{"id":"FLSFN0406909","npl":"cleaning"}},{"type":"Feature","id":"FLD984229773","geometry":{"type":"Point","coordinates":[-82.394722,28.049444]},"properties":{"id":"FLD984229773","npl":"proposed"}},{"type":"Feature","id":"FL0001209840","geometry":{"type":"Point","coordinates":[-82.510278,28.040556]},"properties":{"id":"FL0001209840","npl":"listed"}},{"type":"Feature","id":"FLD042110841","geometry":{"type":"Point","coordinates":[-81.979167,28.039444]},"properties":{"id":"FLD042110841","npl":"listed"}},{"type":"Feature","id":"FLD070864541","geometry":{"type":"Point","coordinates":[-82.4015,28.0318]},"properties":{"id":"FLD070864541","npl":"verified"}},{"type":"Feature","id":"FLD000602334","geometry":{"type":"Point","coordinates":[-80.601389,28.030281]},"properties":{"id":"FLD000602334","npl":"cleaning"}},{"type":"Feature","id":"FLD062794003","geometry":{"type":"Point","coordinates":[-82.143061,28.010831]},"properties":{"id":"FLD062794003","npl":"verified"}},{"type":"Feature","id":"FLD980494959","geometry":{"type":"Point","coordinates":[-82.29305,28.009719]},"properties":{"id":"FLD980494959","npl":"cleaning"}},{"type":"Feature","id":"FLD000824896","geometry":{"type":"Point","coordinates":[-82.341939,27.9725]},"properties":{"id":"FLD000824896","npl":"cleaning"}},{"type":"Feature","id":"FLD004091807","geometry":{"type":"Point","coordinates":[-82.3404,27.9708]},"properties":{"id":"FLD004091807","npl":"cleaning"}},{"type":"Feature","id":"FLD980728877","geometry":{"type":"Point","coordinates":[-82.386389,27.969439]},"properties":{"id":"FLD980728877","npl":"verified"}},{"type":"Feature","id":"FLD980727820","geometry":{"type":"Point","coordinates":[-82.39,27.967219]},"properties":{"id":"FLD980727820","npl":"verified"}},{"type":"Feature","id":"FLD012978862","geometry":{"type":"Point","coordinates":[-82.375139,27.964083]},"properties":{"id":"FLD012978862","npl":"cleaning"}},{"type":"Feature","id":"FLD053502696","geometry":{"type":"Point","coordinates":[-82.374813,27.963931]},"properties":{"id":"FLD053502696","npl":"listed"}},{"type":"Feature","id":"FLD004092532","geometry":{"type":"Point","coordinates":[-82.370556,27.963056]},"properties":{"id":"FLD004092532","npl":"cleaning"}},{"type":"Feature","id":"FLD088787585","geometry":{"type":"Point","coordinates":[-82.355833,27.96]},"properties":{"id":"FLD088787585","npl":"cleaning"}},{"type":"Feature","id":"FLD000648055","geometry":{"type":"Point","coordinates":[-82.209166,27.929166]},"properties":{"id":"FLD000648055","npl":"cleaning"}},{"type":"Feature","id":"FLD984227249","geometry":{"type":"Point","coordinates":[-82.410861,27.914417]},"properties":{"id":"FLD984227249","npl":"cleaning"}},{"type":"Feature","id":"TXD086278058","geometry":{"type":"Point","coordinates":[-97.179306,27.860725]},"properties":{"id":"TXD086278058","npl":"listed"}},{"type":"Feature","id":"TX0000605264","geometry":{"type":"Point","coordinates":[-97.508606,27.815372]},"properties":{"id":"TX0000605264","npl":"listed"}},{"type":"Feature","id":"FLN000410232","geometry":{"type":"Point","coordinates":[-82.477778,27.678611]},"properties":{"id":"FLN000410232","npl":"cleaning"}},{"type":"Feature","id":"FLD004054284","geometry":{"type":"Point","coordinates":[-80.415555,27.647499]},"properties":{"id":"FLD004054284","npl":"cleaning"}},{"type":"Feature","id":"FLD045459526","geometry":{"type":"Point","coordinates":[-80.199167,27.136667]},"properties":{"id":"FLD045459526","npl":"cleaning"}},{"type":"Feature","id":"FLD050432251","geometry":{"type":"Point","coordinates":[-80.506111,27.041111]},"properties":{"id":"FLD050432251","npl":"cleaning"}},{"type":"Feature","id":"FLD091471904","geometry":{"type":"Point","coordinates":[-80.073889,26.795278]},"properties":{"id":"FLD091471904","npl":"cleaning"}},{"type":"Feature","id":"FLD052172954","geometry":{"type":"Point","coordinates":[-80.0738,26.7937]},"properties":{"id":"FLD052172954","npl":"verified"}},{"type":"Feature","id":"FLD083111005","geometry":{"type":"Point","coordinates":[-80.0969,26.2824]},"properties":{"id":"FLD083111005","npl":"cleaning"}},{"type":"Feature","id":"FLD080174402","geometry":{"type":"Point","coordinates":[-80.141374,26.219055]},"properties":{"id":"FLD080174402","npl":"verified"}},{"type":"Feature","id":"FLD041184383","geometry":{"type":"Point","coordinates":[-80.142768,26.218675]},"properties":{"id":"FLD041184383","npl":"verified"}},{"type":"Feature","id":"FLD004119681","geometry":{"type":"Point","coordinates":[-80.152219,26.198331]},"properties":{"id":"FLD004119681","npl":"cleaning"}},{"type":"Feature","id":"FLD981021470","geometry":{"type":"Point","coordinates":[-80.1847,26.1444]},"properties":{"id":"FLD981021470","npl":"cleaning"}},{"type":"Feature","id":"TX0000605363","geometry":{"type":"Point","coordinates":[-98.086469,26.112286]},"properties":{"id":"TX0000605363","npl":"listed"}},{"type":"Feature","id":"FLD984184127","geometry":{"type":"Point","coordinates":[-80.215556,26.081944]},"properties":{"id":"FLD984184127","npl":"cleaning"}},{"type":"Feature","id":"FLD980602288","geometry":{"type":"Point","coordinates":[-80.3426,26.0696]},"properties":{"id":"FLD980602288","npl":"verified"}},{"type":"Feature","id":"FLD980798698","geometry":{"type":"Point","coordinates":[-80.1696,25.9926]},"properties":{"id":"FLD980798698","npl":"listed"}},{"type":"Feature","id":"FLD981014368","geometry":{"type":"Point","coordinates":[-80.221531,25.923189]},"properties":{"id":"FLD981014368","npl":"listed"}},{"type":"Feature","id":"FLD084535442","geometry":{"type":"Point","coordinates":[-80.154169,25.908331]},"properties":{"id":"FLD084535442","npl":"verified"}},{"type":"Feature","id":"FLD032544587","geometry":{"type":"Point","coordinates":[-80.353331,25.873611]},"properties":{"id":"FLD032544587","npl":"cleaning"}},{"type":"Feature","id":"FLD004126520","geometry":{"type":"Point","coordinates":[-80.289721,25.844444]},"properties":{"id":"FLD004126520","npl":"verified"}},{"type":"Feature","id":"FLD020536538","geometry":{"type":"Point","coordinates":[-80.256531,25.843061]},"properties":{"id":"FLD020536538","npl":"verified"}},{"type":"Feature","id":"FLD004574190","geometry":{"type":"Point","coordinates":[-80.300139,25.839581]},"properties":{"id":"FLD004574190","npl":"verified"}},{"type":"Feature","id":"FLD076027820","geometry":{"type":"Point","coordinates":[-80.313061,25.837219]},"properties":{"id":"FLD076027820","npl":"cleaning"}},{"type":"Feature","id":"FLD980602643","geometry":{"type":"Point","coordinates":[-80.347219,25.833331]},"properties":{"id":"FLD980602643","npl":"verified"}},{"type":"Feature","id":"FLD982130098","geometry":{"type":"Point","coordinates":[-80.210178,25.831842]},"properties":{"id":"FLD982130098","npl":"listed"}},{"type":"Feature","id":"FLD004145140","geometry":{"type":"Point","coordinates":[-80.2559,25.8152]},"properties":{"id":"FLD004145140","npl":"cleaning"}},{"type":"Feature","id":"FLD980602346","geometry":{"type":"Point","coordinates":[-80.2772,25.8047]},"properties":{"id":"FLD980602346","npl":"verified"}},{"type":"Feature","id":"FLD071307680","geometry":{"type":"Point","coordinates":[-80.3112,25.7434]},"properties":{"id":"FLD071307680","npl":"verified"}},{"type":"Feature","id":"FLD004146346","geometry":{"type":"Point","coordinates":[-80.4124,25.5367]},"properties":{"id":"FLD004146346","npl":"verified"}},{"type":"Feature","id":"FL7570024037","geometry":{"type":"Point","coordinates":[-80.396944,25.489444]},"properties":{"id":"FL7570024037","npl":"cleaning"}},{"type":"Feature","id":"HI0170090054","geometry":{"type":"Point","coordinates":[-158.005138,21.519027]},"properties":{"id":"HI0170090054","npl":"listed"}},{"type":"Feature","id":"HI7210090026","geometry":{"type":"Point","coordinates":[-158.030139,21.490694]},"properties":{"id":"HI7210090026","npl":"verified"}},{"type":"Feature","id":"HID980637631","geometry":{"type":"Point","coordinates":[-158.066667,21.458333]},"properties":{"id":"HID980637631","npl":"cleaning"}},{"type":"Feature","id":"HI4170090076","geometry":{"type":"Point","coordinates":[-157.983333,21.388889]},"properties":{"id":"HI4170090076","npl":"listed"}},{"type":"Feature","id":"PRR000004655","geometry":{"type":"Point","coordinates":[-66.694097,18.453603]},"properties":{"id":"PRR000004655","npl":"listed"}},{"type":"Feature","id":"PRD987367349","geometry":{"type":"Point","coordinates":[-66.6,18.435556]},"properties":{"id":"PRD987367349","npl":"listed"}},{"type":"Feature","id":"PRD980512669","geometry":{"type":"Point","coordinates":[-66.389722,18.434306]},"properties":{"id":"PRD980512669","npl":"cleaning"}},{"type":"Feature","id":"PR4170027383","geometry":{"type":"Point","coordinates":[-66.190281,18.433061]},"properties":{"id":"PR4170027383","npl":"verified"}},{"type":"Feature","id":"PRD090370537","geometry":{"type":"Point","coordinates":[-66.580561,18.43]},"properties":{"id":"PRD090370537","npl":"verified"}},{"type":"Feature","id":"PRN000201872","geometry":{"type":"Point","coordinates":[-66.27832042,18.42975602]},"properties":{"id":"PRN000201872","npl":"listed"}},{"type":"Feature","id":"PRD980301154","geometry":{"type":"Point","coordinates":[-66.5901,18.4292]},"properties":{"id":"PRD980301154","npl":"cleaning"}},{"type":"Feature","id":"PRD987367299","geometry":{"type":"Point","coordinates":[-66.458,18.429139]},"properties":{"id":"PRD987367299","npl":"listed"}},{"type":"Feature","id":"PRD980763775","geometry":{"type":"Point","coordinates":[-66.330281,18.418061]},"properties":{"id":"PRD980763775","npl":"cleaning"}},{"type":"Feature","id":"PRD980509129","geometry":{"type":"Point","coordinates":[-66.547781,18.41055]},"properties":{"id":"PRD980509129","npl":"verified"}},{"type":"Feature","id":"PRD987366101","geometry":{"type":"Point","coordinates":[-66.38,18.41]},"properties":{"id":"PRD987366101","npl":"verified"}},{"type":"Feature","id":"PRD987376662","geometry":{"type":"Point","coordinates":[-66.231944,18.409167]},"properties":{"id":"PRD987376662","npl":"listed"}},{"type":"Feature","id":"VID982272569","geometry":{"type":"Point","coordinates":[-64.885,18.341667]},"properties":{"id":"VID982272569","npl":"cleaning"}},{"type":"Feature","id":"PRN000206452","geometry":{"type":"Point","coordinates":[-66.286206,18.295711]},"properties":{"id":"PRN000206452","npl":"cleaning"}},{"type":"Feature","id":"PRD090290685","geometry":{"type":"Point","coordinates":[-66.694908,18.265194]},"properties":{"id":"PRD090290685","npl":"listed"}},{"type":"Feature","id":"PRD980512362","geometry":{"type":"Point","coordinates":[-65.9087,18.2232]},"properties":{"id":"PRD980512362","npl":"cleaning"}},{"type":"Feature","id":"PRN000206359","geometry":{"type":"Point","coordinates":[-66.101,18.2206]},"properties":{"id":"PRN000206359","npl":"verified"}},{"type":"Feature","id":"PRN000204538","geometry":{"type":"Point","coordinates":[-66.161944,18.175277]},"properties":{"id":"PRN000204538","npl":"listed"}},{"type":"Feature","id":"PRD980640965","geometry":{"type":"Point","coordinates":[-65.790281,18.15195]},"properties":{"id":"PRD980640965","npl":"verified"}},{"type":"Feature","id":"PRN000204694","geometry":{"type":"Point","coordinates":[-65.3106,18.13058]},"properties":{"id":"PRN000204694","npl":"listed"}},{"type":"Feature","id":"PRN000206319","geometry":{"type":"Point","coordinates":[-67.148325,18.090725]},"properties":{"id":"PRN000206319","npl":"listed"}},{"type":"Feature","id":"PRN000205957","geometry":{"type":"Point","coordinates":[-67.035306,18.084472]},"properties":{"id":"PRN000205957","npl":"listed"}},{"type":"Feature","id":"PRD090282757","geometry":{"type":"Point","coordinates":[-66.508889,18.059439]},"properties":{"id":"PRD090282757","npl":"verified"}},{"type":"Feature","id":"PRD000831487","geometry":{"type":"Point","coordinates":[-66.7003,18.0152]},"properties":{"id":"PRD000831487","npl":"listed"}},{"type":"Feature","id":"PRN000205831","geometry":{"type":"Point","coordinates":[-65.901417,18.005611]},"properties":{"id":"PRN000205831","npl":"cleaning"}},{"type":"Feature","id":"PRD091171264","geometry":{"type":"Point","coordinates":[-66.903427,17.965524]},"properties":{"id":"PRD091171264","npl":"listed"}},{"type":"Feature","id":"PRD980763783","geometry":{"type":"Point","coordinates":[-66.1461,17.9632]},"properties":{"id":"PRD980763783","npl":"cleaning"}},{"type":"Feature","id":"VID980651095","geometry":{"type":"Point","coordinates":[-64.790833,17.709722]},"properties":{"id":"VID980651095","npl":"verified"}},{"type":"Feature","id":"MPD980798318","geometry":{"type":"Point","coordinates":[145.75,15.2]},"properties":{"id":"MPD980798318","npl":"verified"}},{"type":"Feature","id":"GU6571999519","geometry":{"type":"Point","coordinates":[144.897361,13.572916]},"properties":{"id":"GU6571999519","npl":"listed"}},{"type":"Feature","id":"GUD980637649","geometry":{"type":"Point","coordinates":[144.7474,13.439169]},"properties":{"id":"GUD980637649","npl":"cleaning"}},{"type":"Feature","id":"FMD980637987","geometry":{"type":"Point","coordinates":[151.783722,7.416667]},"properties":{"id":"FMD980637987","npl":"verified"}},{"type":"Feature","id":"ASD980637656","geometry":{"type":"Point","coordinates":[-170.772,-14.3601]},"properties":{"id":"ASD980637656","npl":"verified"}}]}
